insert into roles (id, name) values (1, 'ROLE_ADMIN');
insert into roles (id, name) values (2, 'ROLE_STAFF');
insert into roles (id, name) values (3, 'ROLE_USER');





insert into users (id, address, city, state, email, empscho, firstname, surname, username, gender, jmbg, occupation, password, phone) values (101, '7309 Weeping Birch Plaza', 'Siikajoki', 'Finland', 'jdjorevic2s@i2i.jp', 'Fatz', 'Joline', 'Djorevic', 'admin', 'F', '647717210112', 'Senior Quality Engineer', '$2a$10$Jy8l3NpmvQR7T41xqqb6W.iodZWXl1IWyou3KItLpvyECWiUrpU8O', '143-467-7820');
insert into users (id, address, city, state, email, empscho, firstname, surname, username, gender, jmbg, occupation, password, phone) values (102, '000 Morrow Pass', 'Pomerode', 'Brazil', 'selkin2t@google.ru', 'Voonyx', 'Shena', 'Elkin', 'staff', 'F', '422149629941', 'Senior Sales Associate', '$2a$10$BARaOPCna0DJs6pKtneuJ.ZcjYlh/j0g6CYoAmXF64qxoWb8uDNzq', '430-692-4828');
insert into users (id, address, city, state, email, empscho, firstname, surname, username, gender, jmbg, occupation, password, phone) values (103, '4 Westport Place', 'Korsakovo', 'Russia', 'gduthie2u@slideshare.net', 'Wordware', 'Gunner', 'Duthie', 'user', 'M', '732099520098', 'Software Consultant', '$2a$10$Jy8l3NpmvQR7T41xqqb6W.iodZWXl1IWyou3KItLpvyECWiUrpU8O', '279-915-5479');
insert into users (id, address, city, state, email, empscho, firstname, surname, username, gender, jmbg, occupation, password, phone) values (104, '7 Brickson Park Street', 'Mococa', 'Brazil', 'rboyles2v@gnu.org', 'Topdrive', 'Ruddie', 'Boyles', 'rboyles2v', 'M', '865769862699', 'Structural Analysis Engineer', '$2a$10$Jy8l3NpmvQR7T41xqqb6W.iodZWXl1IWyou3KItLpvyECWiUrpU8O', '113-620-2404');
insert into users (id, address, city, state, email, empscho, firstname, surname, username, gender, jmbg, occupation, password, phone) values (105, '9 Upham Alley', 'Wukang', 'China', 'rmatthisson2w@usa.gov', 'Eabox', 'Ruthi', 'Matthisson', 'rmatthisson2w', 'F', '658044747706', 'Account Executive', '$2a$10$Jy8l3NpmvQR7T41xqqb6W.iodZWXl1IWyou3KItLpvyECWiUrpU8O', '914-360-7822');
insert into users (id, address, city, state, email, empscho, firstname, surname, username, gender, jmbg, occupation, password, phone) values (106, '14664 Crest Line Street', 'Córdoba', 'Colombia', 'dortelt2x@epa.gov', 'Lazz', 'Dalton', 'Ortelt', 'dortelt2x', 'M', '682883215026', 'Media Manager I', '$2a$10$Jy8l3NpmvQR7T41xqqb6W.iodZWXl1IWyou3KItLpvyECWiUrpU8O', '628-726-4305');
insert into users (id, address, city, state, email, empscho, firstname, surname, username, gender, jmbg, occupation, password, phone) values (107, '7837 Gerald Terrace', 'Maubasa', 'Indonesia', 'bbarson2y@soundcloud.com', 'Skivee', 'Babara', 'Barson', 'bbarson2y', 'F', '57136658255', 'Computer Systems Analyst II', '$2a$10$Jy8l3NpmvQR7T41xqqb6W.iodZWXl1IWyou3KItLpvyECWiUrpU8O', '523-329-3883');
insert into users (id, address, city, state, email, empscho, firstname, surname, username, gender, jmbg, occupation, password, phone) values (108, '862 Basil Road', 'Ballinteer', 'Ireland', 'gdovington2z@bloglines.com', 'Fatz', 'Gaile', 'Dovington', 'gdovington2z', 'M', '530442554414', 'Junior Executive', '$2a$10$Jy8l3NpmvQR7T41xqqb6W.iodZWXl1IWyou3KItLpvyECWiUrpU8O', '750-688-9650');
insert into users (id, address, city, state, email, empscho, firstname, surname, username, gender, jmbg, occupation, password, phone) values (109, '40 Graedel Parkway', 'Saint-Dié-des-Vosges', 'France', 'flabern30@squarespace.com', 'Skyba', 'Farlay', 'Labern', 'flabern30', 'M', '566902817823', 'Nurse', '$2a$10$Jy8l3NpmvQR7T41xqqb6W.iodZWXl1IWyou3KItLpvyECWiUrpU8O', '714-755-9183');
insert into users (id, address, city, state, email, empscho, firstname, surname, username, gender, jmbg, occupation, password, phone) values (110, '36 Cody Hill', 'Wakduwa’ Barat', 'Indonesia', 'ljezard31@nps.gov', 'Devshare', 'Lucinda', 'Jezard', 'ljezard31', 'F', '437583535067', 'Human Resources Assistant IV', '$2a$10$Jy8l3NpmvQR7T41xqqb6W.iodZWXl1IWyou3KItLpvyECWiUrpU8O', '961-225-9242');
insert into users (id, address, city, state, email, empscho, firstname, surname, username, gender, jmbg, occupation, password, phone) values (111, '42981 Dapin Hill', 'Panggunguni', 'Indonesia', 'lbleeze32@nifty.com', 'Ntag', 'Lowrance', 'Bleeze', 'lbleeze32', 'M', '263209628920', 'Recruiter', '$2a$10$Jy8l3NpmvQR7T41xqqb6W.iodZWXl1IWyou3KItLpvyECWiUrpU8O', '504-201-9305');
insert into users (id, address, city, state, email, empscho, firstname, surname, username, gender, jmbg, occupation, password, phone) values (112, '57232 Arkansas Lane', 'Leer', 'South Sudan', 'rabarough33@bizjournals.com', 'Twitterworks', 'Ralf', 'Abarough', 'rabarough33', 'M', '436421380732', 'Junior Executive', '$2a$10$Jy8l3NpmvQR7T41xqqb6W.iodZWXl1IWyou3KItLpvyECWiUrpU8O', '864-582-0531');
insert into users (id, address, city, state, email, empscho, firstname, surname, username, gender, jmbg, occupation, password, phone) values (113, '54831 Kipling Plaza', 'Mölndal', 'Sweden', 'bclissett34@cbslocal.com', 'Skivee', 'Billi', 'Clissett', 'bclissett34', 'F', '16422213735', 'Health Coach III', '$2a$10$Jy8l3NpmvQR7T41xqqb6W.iodZWXl1IWyou3KItLpvyECWiUrpU8O', '783-166-4173');
insert into users (id, address, city, state, email, empscho, firstname, surname, username, gender, jmbg, occupation, password, phone) values (114, '8 Hauk Junction', 'Hartford', 'United States', 'rchatelet35@npr.org', 'Reallinks', 'Rois', 'Chatelet', 'rchatelet35', 'F', '180262919870', 'Engineer III', '$2a$10$Jy8l3NpmvQR7T41xqqb6W.iodZWXl1IWyou3KItLpvyECWiUrpU8O', '860-284-0306');
insert into users (id, address, city, state, email, empscho, firstname, surname, username, gender, jmbg, occupation, password, phone) values (115, '068 Crownhardt Lane', 'Murcia', 'Spain', 'dstokell36@wikipedia.org', 'Mycat', 'De', 'Stokell', 'dstokell36', 'F', '53921973259', 'Pharmacist', '$2a$10$Jy8l3NpmvQR7T41xqqb6W.iodZWXl1IWyou3KItLpvyECWiUrpU8O', '626-304-8169');
insert into users (id, address, city, state, email, empscho, firstname, surname, username, gender, jmbg, occupation, password, phone) values (116, '504 Annamark Terrace', 'Centre de Flacq', 'Mauritius', 'lkorneichik37@si.edu', 'Yodoo', 'Latia', 'Korneichik', 'lkorneichik37', 'F', '154905423336', 'Professor', '$2a$10$Jy8l3NpmvQR7T41xqqb6W.iodZWXl1IWyou3KItLpvyECWiUrpU8O', '140-940-5183');
insert into users (id, address, city, state, email, empscho, firstname, surname, username, gender, jmbg, occupation, password, phone) values (117, '09 Marcy Plaza', 'Trondheim', 'Norway', 'hdafydd38@wikimedia.org', 'Gigaclub', 'Herrick', 'Dafydd', 'hdafydd38', 'M', '849275126780', 'Nurse', '$2a$10$Jy8l3NpmvQR7T41xqqb6W.iodZWXl1IWyou3KItLpvyECWiUrpU8O', '357-856-3685');
insert into users (id, address, city, state, email, empscho, firstname, surname, username, gender, jmbg, occupation, password, phone) values (118, '2 Evergreen Pass', 'Tissa', 'Morocco', 'nhulles39@prnewswire.com', 'Twiyo', 'Noak', 'Hulles', 'nhulles39', 'M', '283001718546', 'Structural Engineer', '$2a$10$Jy8l3NpmvQR7T41xqqb6W.iodZWXl1IWyou3KItLpvyECWiUrpU8O', '444-328-8227');
insert into users (id, address, city, state, email, empscho, firstname, surname, username, gender, jmbg, occupation, password, phone) values (119, '11 Dwight Avenue', 'Smolenka', 'Russia', 'fberrow3a@nationalgeographic.com', 'Kwideo', 'Fabio', 'Berrow', 'fberrow3a', 'M', '672709566108', 'Safety Technician IV', '$2a$10$Jy8l3NpmvQR7T41xqqb6W.iodZWXl1IWyou3KItLpvyECWiUrpU8O', '847-979-2404');
insert into users (id, address, city, state, email, empscho, firstname, surname, username, gender, jmbg, occupation, password, phone) values (120, '6 Dorton Junction', 'Mačkovec', 'Croatia', 'bsheilds3b@nih.gov', 'Aimbo', 'Bernie', 'Sheilds', 'bsheilds3b', 'F', '827872624983', 'Programmer II', '$2a$10$Jy8l3NpmvQR7T41xqqb6W.iodZWXl1IWyou3KItLpvyECWiUrpU8O', '628-205-2148');
insert into users (id, address, city, state, email, empscho, firstname, surname, username, gender, jmbg, occupation, password, phone) values (121, '27 Mccormick Way', 'Radekhiv', 'Ukraine', 'asollitt3c@weebly.com', 'Plajo', 'Alexis', 'Sollitt', 'asollitt3c', 'M', '654579235238', 'Sales Associate', '$2a$10$Jy8l3NpmvQR7T41xqqb6W.iodZWXl1IWyou3KItLpvyECWiUrpU8O', '365-874-0363');
insert into users (id, address, city, state, email, empscho, firstname, surname, username, gender, jmbg, occupation, password, phone) values (122, '3 Riverside Trail', 'Shemursha', 'Russia', 'dgarnsey3d@kickstarter.com', 'Eamia', 'Diane-marie', 'Garnsey', 'dgarnsey3d', 'F', '716148712716', 'Geological Engineer', '$2a$10$Jy8l3NpmvQR7T41xqqb6W.iodZWXl1IWyou3KItLpvyECWiUrpU8O', '490-238-2399');
insert into users (id, address, city, state, email, empscho, firstname, surname, username, gender, jmbg, occupation, password, phone) values (123, '0709 Manley Court', 'Belajen', 'Indonesia', 'tklos3e@yahoo.com', 'Roodel', 'Tate', 'Klos', 'tklos3e', 'M', '798586354698', 'Accountant III', '$2a$10$Jy8l3NpmvQR7T41xqqb6W.iodZWXl1IWyou3KItLpvyECWiUrpU8O', '111-700-8413');
insert into users (id, address, city, state, email, empscho, firstname, surname, username, gender, jmbg, occupation, password, phone) values (124, '2599 Elmside Point', 'Dazhan', 'China', 'ssimione3f@opensource.org', 'Linktype', 'Stephie', 'Simione', 'ssimione3f', 'F', '489187810409', 'Software Test Engineer IV', '$2a$10$Jy8l3NpmvQR7T41xqqb6W.iodZWXl1IWyou3KItLpvyECWiUrpU8O', '976-615-6185');
insert into users (id, address, city, state, email, empscho, firstname, surname, username, gender, jmbg, occupation, password, phone) values (125, '02108 Rusk Court', 'Amorim', 'Portugal', 'zcausnett3g@a8.net', 'Dynabox', 'Zelig', 'Causnett', 'zcausnett3g', 'M', '738027371450', 'Software Test Engineer IV', '$2a$10$Jy8l3NpmvQR7T41xqqb6W.iodZWXl1IWyou3KItLpvyECWiUrpU8O', '672-747-2400');
insert into users (id, address, city, state, email, empscho, firstname, surname, username, gender, jmbg, occupation, password, phone) values (126, '58058 Warbler Way', 'Bohumín', 'Czech Republic', 'tscranedge3h@liveinternet.ru', 'Gigazoom', 'Tan', 'Scranedge', 'tscranedge3h', 'M', '94574067005', 'Database Administrator I', '$2a$10$Jy8l3NpmvQR7T41xqqb6W.iodZWXl1IWyou3KItLpvyECWiUrpU8O', '504-988-7550');
insert into users (id, address, city, state, email, empscho, firstname, surname, username, gender, jmbg, occupation, password, phone) values (127, '39 Spohn Lane', 'Vaughan', 'Canada', 'dfloyed3i@indiatimes.com', 'Riffpedia', 'Demott', 'Floyed', 'dfloyed3i', 'M', '774676150482', 'Automation Specialist III', '$2a$10$Jy8l3NpmvQR7T41xqqb6W.iodZWXl1IWyou3KItLpvyECWiUrpU8O', '592-442-3668');
insert into users (id, address, city, state, email, empscho, firstname, surname, username, gender, jmbg, occupation, password, phone) values (128, '80512 Sullivan Road', 'Morón', 'Cuba', 'rhuscroft3j@google.com', 'BlogXS', 'Rollin', 'Huscroft', 'rhuscroft3j', 'M', '372395725546', 'Senior Financial Analyst', '$2a$10$Jy8l3NpmvQR7T41xqqb6W.iodZWXl1IWyou3KItLpvyECWiUrpU8O', '491-846-2296');
insert into users (id, address, city, state, email, empscho, firstname, surname, username, gender, jmbg, occupation, password, phone) values (129, '395 Oak Crossing', 'Nanbin', 'China', 'mcollingworth3k@state.tx.us', 'Dynabox', 'Marthe', 'Collingworth', 'mcollingworth3k', 'F', '99024650575', 'Systems Administrator I', '$2a$10$Jy8l3NpmvQR7T41xqqb6W.iodZWXl1IWyou3KItLpvyECWiUrpU8O', '610-544-7988');
insert into users (id, address, city, state, email, empscho, firstname, surname, username, gender, jmbg, occupation, password, phone) values (130, '4 Melody Street', 'Bairro', 'Portugal', 'sdeeney3l@sphinn.com', 'Demimbu', 'Sib', 'Deeney', 'sdeeney3l', 'F', '333331303638', 'Nurse Practicioner', '$2a$10$Jy8l3NpmvQR7T41xqqb6W.iodZWXl1IWyou3KItLpvyECWiUrpU8O', '745-996-1446');
insert into users (id, address, city, state, email, empscho, firstname, surname, username, gender, jmbg, occupation, password, phone) values (131, '03591 Darwin Court', 'Liushun', 'China', 'ppetersen3m@tripod.com', 'Gevee', 'Percy', 'Petersen', 'ppetersen3m', 'M', '474586774440', 'Teacher', '$2a$10$Jy8l3NpmvQR7T41xqqb6W.iodZWXl1IWyou3KItLpvyECWiUrpU8O', '208-276-9410');
insert into users (id, address, city, state, email, empscho, firstname, surname, username, gender, jmbg, occupation, password, phone) values (132, '77 Dexter Plaza', 'Bozoum', 'Central African Republic', 'phuitt3n@ycombinator.com', 'Photobean', 'Philipa', 'Huitt', 'phuitt3n', 'F', '458243168339', 'Product Engineer', '$2a$10$Jy8l3NpmvQR7T41xqqb6W.iodZWXl1IWyou3KItLpvyECWiUrpU8O', '387-311-3157');
insert into users (id, address, city, state, email, empscho, firstname, surname, username, gender, jmbg, occupation, password, phone) values (133, '972 Alpine Hill', 'Shangma', 'China', 'reustes3o@fastcompany.com', 'Skivee', 'Robbyn', 'Eustes', 'reustes3o', 'F', '503756299137', 'Professor', '$2a$10$Jy8l3NpmvQR7T41xqqb6W.iodZWXl1IWyou3KItLpvyECWiUrpU8O', '915-227-7973');
insert into users (id, address, city, state, email, empscho, firstname, surname, username, gender, jmbg, occupation, password, phone) values (134, '29 Northfield Crossing', 'Woto', 'Indonesia', 'kottey3p@linkedin.com', 'Zoomlounge', 'Kevon', 'Ottey', 'kottey3p', 'M', '934283932954', 'Assistant Professor', '$2a$10$Jy8l3NpmvQR7T41xqqb6W.iodZWXl1IWyou3KItLpvyECWiUrpU8O', '751-511-4626');
insert into users (id, address, city, state, email, empscho, firstname, surname, username, gender, jmbg, occupation, password, phone) values (135, '29 Sachtjen Trail', 'Orodo', 'Nigeria', 'sletts3q@youtu.be', 'Skinder', 'Sandy', 'Letts', 'sletts3q', 'F', '819501803375', 'Biostatistician III', '$2a$10$Jy8l3NpmvQR7T41xqqb6W.iodZWXl1IWyou3KItLpvyECWiUrpU8O', '478-226-9485');
insert into users (id, address, city, state, email, empscho, firstname, surname, username, gender, jmbg, occupation, password, phone) values (136, '396 Prairieview Lane', 'Ivanishchi', 'Russia', 'glanglois3r@godaddy.com', 'Tagtune', 'Georgie', 'L'' Anglois', 'glanglois3r', 'F', '972714419951', 'Database Administrator III', '$2a$10$Jy8l3NpmvQR7T41xqqb6W.iodZWXl1IWyou3KItLpvyECWiUrpU8O', '583-672-3679');
insert into users (id, address, city, state, email, empscho, firstname, surname, username, gender, jmbg, occupation, password, phone) values (137, '2 Morningstar Road', 'Uttar Char Fasson', 'Bangladesh', 'divanisov3s@seesaa.net', 'Pixope', 'Dorelle', 'Ivanisov', 'divanisov3s', 'F', '278178357588', 'Programmer Analyst III', '$2a$10$Jy8l3NpmvQR7T41xqqb6W.iodZWXl1IWyou3KItLpvyECWiUrpU8O', '886-279-5367');
insert into users (id, address, city, state, email, empscho, firstname, surname, username, gender, jmbg, occupation, password, phone) values (138, '20584 Green Junction', 'Qingshanhu', 'China', 'fgarahan3t@goo.gl', 'Devbug', 'Florida', 'Garahan', 'fgarahan3t', 'F', '583769249613', 'Research Assistant IV', '$2a$10$Jy8l3NpmvQR7T41xqqb6W.iodZWXl1IWyou3KItLpvyECWiUrpU8O', '554-372-6226');
insert into users (id, address, city, state, email, empscho, firstname, surname, username, gender, jmbg, occupation, password, phone) values (139, '7288 Pankratz Alley', 'Klenak', 'Serbia', 'adomerc3u@kickstarter.com', 'Tagcat', 'Alvera', 'Domerc', 'adomerc3u', 'F', '83907683954', 'Geologist III', '$2a$10$Jy8l3NpmvQR7T41xqqb6W.iodZWXl1IWyou3KItLpvyECWiUrpU8O', '163-367-2106');
insert into users (id, address, city, state, email, empscho, firstname, surname, username, gender, jmbg, occupation, password, phone) values (140, '6975 Mccormick Drive', 'Ciénega', 'Colombia', 'rheyball3v@pbs.org', 'Divanoodle', 'Rasla', 'Heyball', 'rheyball3v', 'F', '212374066919', 'Librarian', '$2a$10$Jy8l3NpmvQR7T41xqqb6W.iodZWXl1IWyou3KItLpvyECWiUrpU8O', '269-469-0793');
insert into users (id, address, city, state, email, empscho, firstname, surname, username, gender, jmbg, occupation, password, phone) values (141, '78655 Debs Plaza', 'Aguasay', 'Venezuela', 'gthunnercliffe3w@amazonaws.com', 'Brainlounge', 'Goldi', 'Thunnercliffe', 'gthunnercliffe3w', 'F', '929946497360', 'Engineer II', '$2a$10$Jy8l3NpmvQR7T41xqqb6W.iodZWXl1IWyou3KItLpvyECWiUrpU8O', '603-992-5183');
insert into users (id, address, city, state, email, empscho, firstname, surname, username, gender, jmbg, occupation, password, phone) values (142, '1 Sundown Circle', 'Grootfontein', 'Namibia', 'ltender3x@yellowbook.com', 'Innojam', 'Lorinda', 'Tender', 'ltender3x', 'F', '252012646210', 'Analog Circuit Design manager', '$2a$10$Jy8l3NpmvQR7T41xqqb6W.iodZWXl1IWyou3KItLpvyECWiUrpU8O', '396-513-1960');
insert into users (id, address, city, state, email, empscho, firstname, surname, username, gender, jmbg, occupation, password, phone) values (143, '0 Dottie Place', 'San Fernando del Valle de Catamarca', 'Argentina', 'efreathy3y@seattletimes.com', 'Digitube', 'Ethyl', 'Freathy', 'efreathy3y', 'F', '368428106243', 'Financial Analyst', '$2a$10$Jy8l3NpmvQR7T41xqqb6W.iodZWXl1IWyou3KItLpvyECWiUrpU8O', '665-307-7135');
insert into users (id, address, city, state, email, empscho, firstname, surname, username, gender, jmbg, occupation, password, phone) values (144, '543 Butternut Parkway', 'Chattanooga', 'United States', 'echumley3z@europa.eu', 'Kimia', 'Eudora', 'Chumley', 'echumley3z', 'F', '754637703262', 'Developer II', '$2a$10$Jy8l3NpmvQR7T41xqqb6W.iodZWXl1IWyou3KItLpvyECWiUrpU8O', '423-929-1326');
insert into users (id, address, city, state, email, empscho, firstname, surname, username, gender, jmbg, occupation, password, phone) values (145, '3864 Prairieview Place', 'Torbat-e Jām', 'Iran', 'sbattram40@nsw.gov.au', 'Jabbersphere', 'Svend', 'Battram', 'sbattram40', 'M', '289059387272', 'Account Executive', '$2a$10$Jy8l3NpmvQR7T41xqqb6W.iodZWXl1IWyou3KItLpvyECWiUrpU8O', '137-265-0773');
insert into users (id, address, city, state, email, empscho, firstname, surname, username, gender, jmbg, occupation, password, phone) values (146, '97387 Di Loreto Road', 'København', 'Denmark', 'dmcmurtyr41@shutterfly.com', 'Bluejam', 'Dalton', 'McMurtyr', 'dmcmurtyr41', 'M', '921266324401', 'Biostatistician III', '$2a$10$Jy8l3NpmvQR7T41xqqb6W.iodZWXl1IWyou3KItLpvyECWiUrpU8O', '691-782-6221');
insert into users (id, address, city, state, email, empscho, firstname, surname, username, gender, jmbg, occupation, password, phone) values (147, '79 Shopko Junction', 'Spárti', 'Greece', 'kcasey42@studiopress.com', 'Fanoodle', 'Karim', 'Casey', 'kcasey42', 'M', '646830140671', 'Web Developer I', '$2a$10$Jy8l3NpmvQR7T41xqqb6W.iodZWXl1IWyou3KItLpvyECWiUrpU8O', '190-493-3844');
insert into users (id, address, city, state, email, empscho, firstname, surname, username, gender, jmbg, occupation, password, phone) values (148, '3780 Mcbride Park', 'Kaolack', 'Senegal', 'sfrizzell43@samsung.com', 'Voomm', 'Seward', 'Frizzell', 'sfrizzell43', 'M', '484820722754', 'Geological Engineer', '$2a$10$Jy8l3NpmvQR7T41xqqb6W.iodZWXl1IWyou3KItLpvyECWiUrpU8O', '576-415-2409');
insert into users (id, address, city, state, email, empscho, firstname, surname, username, gender, jmbg, occupation, password, phone) values (149, '924 Farragut Point', 'Smolino', 'Russia', 'afairbanks44@domainmarket.com', 'Shuffletag', 'Alicia', 'Fairbanks', 'afairbanks44', 'F', '987352171758', 'VP Quality Control', '$2a$10$Jy8l3NpmvQR7T41xqqb6W.iodZWXl1IWyou3KItLpvyECWiUrpU8O', '315-848-1688');
insert into users (id, address, city, state, email, empscho, firstname, surname, username, gender, jmbg, occupation, password, phone) values (150, '2180 Browning Junction', 'Manzanillo', 'Cuba', 'kdawtre45@yahoo.co.jp', 'Zoonder', 'Kevon', 'Dawtre', 'kdawtre45', 'M', '653881057193', 'Data Coordiator', '$2a$10$Jy8l3NpmvQR7T41xqqb6W.iodZWXl1IWyou3KItLpvyECWiUrpU8O', '230-259-2431');
insert into users (id, address, city, state, email, empscho, firstname, surname, username, gender, jmbg, occupation, password, phone) values (151, '36886 Towne Way', 'Serpukhov', 'Russia', 'tprest46@multiply.com', 'Meedoo', 'Tris', 'Prest', 'tprest46', 'M', '309935881787', 'Software Consultant', '$2a$10$Jy8l3NpmvQR7T41xqqb6W.iodZWXl1IWyou3KItLpvyECWiUrpU8O', '335-962-6955');
insert into users (id, address, city, state, email, empscho, firstname, surname, username, gender, jmbg, occupation, password, phone) values (152, '37575 Brown Pass', 'Abadiânia', 'Brazil', 'rbalnaves47@google.de', 'Jetpulse', 'Reinaldo', 'Balnaves', 'rbalnaves47', 'M', '661241348615', 'Health Coach I', '$2a$10$Jy8l3NpmvQR7T41xqqb6W.iodZWXl1IWyou3KItLpvyECWiUrpU8O', '392-289-0298');
insert into users (id, address, city, state, email, empscho, firstname, surname, username, gender, jmbg, occupation, password, phone) values (153, '51095 Warner Terrace', 'Yingcui', 'China', 'jdash48@list-manage.com', 'Gigazoom', 'Junie', 'Dash', 'jdash48', 'F', '613362964579', 'Web Developer I', '$2a$10$Jy8l3NpmvQR7T41xqqb6W.iodZWXl1IWyou3KItLpvyECWiUrpU8O', '358-262-6950');
insert into users (id, address, city, state, email, empscho, firstname, surname, username, gender, jmbg, occupation, password, phone) values (154, '1262 Larry Street', 'Londres', 'Argentina', 'dcollington49@fda.gov', 'Realcube', 'Del', 'Collington', 'dcollington49', 'M', '659048294356', 'Health Coach I', '$2a$10$Jy8l3NpmvQR7T41xqqb6W.iodZWXl1IWyou3KItLpvyECWiUrpU8O', '594-200-7314');
insert into users (id, address, city, state, email, empscho, firstname, surname, username, gender, jmbg, occupation, password, phone) values (155, '10 Stuart Terrace', 'Veliko Tŭrnovo', 'Bulgaria', 'slowdyane4a@aol.com', 'Yambee', 'Sawyer', 'Lowdyane', 'slowdyane4a', 'M', '497102030882', 'Data Coordiator', '$2a$10$Jy8l3NpmvQR7T41xqqb6W.iodZWXl1IWyou3KItLpvyECWiUrpU8O', '854-253-6049');
insert into users (id, address, city, state, email, empscho, firstname, surname, username, gender, jmbg, occupation, password, phone) values (156, '7197 Tony Way', 'Xingnong', 'China', 'phullins4b@eventbrite.com', 'Brightdog', 'Paola', 'Hullins', 'phullins4b', 'F', '830639332269', 'Developer II', '$2a$10$Jy8l3NpmvQR7T41xqqb6W.iodZWXl1IWyou3KItLpvyECWiUrpU8O', '703-839-5097');
insert into users (id, address, city, state, email, empscho, firstname, surname, username, gender, jmbg, occupation, password, phone) values (157, '901 Scofield Crossing', 'Lianga', 'Philippines', 'rutterson4c@theglobeandmail.com', 'Twinder', 'Rowen', 'Utterson', 'rutterson4c', 'M', '340086612238', 'Assistant Manager', '$2a$10$Jy8l3NpmvQR7T41xqqb6W.iodZWXl1IWyou3KItLpvyECWiUrpU8O', '844-351-5079');
insert into users (id, address, city, state, email, empscho, firstname, surname, username, gender, jmbg, occupation, password, phone) values (158, '7 Packers Parkway', 'San Rafael', 'Philippines', 'cgillicuddy4d@mac.com', 'Skipfire', 'Chick', 'Gillicuddy', 'cgillicuddy4d', 'M', '758597247276', 'Statistician I', '$2a$10$Jy8l3NpmvQR7T41xqqb6W.iodZWXl1IWyou3KItLpvyECWiUrpU8O', '446-507-3714');
insert into users (id, address, city, state, email, empscho, firstname, surname, username, gender, jmbg, occupation, password, phone) values (159, '29551 Forest Dale Alley', 'Jām Sāhib', 'Pakistan', 'jrossi4e@chicagotribune.com', 'Skibox', 'June', 'Rossi', 'jrossi4e', 'F', '819256866476', 'Design Engineer', '$2a$10$Jy8l3NpmvQR7T41xqqb6W.iodZWXl1IWyou3KItLpvyECWiUrpU8O', '569-753-7111');
insert into users (id, address, city, state, email, empscho, firstname, surname, username, gender, jmbg, occupation, password, phone) values (160, '1 Mesta Drive', 'Tawangsari', 'Indonesia', 'rarthy4f@merriam-webster.com', 'Youbridge', 'Rockwell', 'Arthy', 'rarthy4f', 'M', '746702216159', 'Cost Accountant', '$2a$10$Jy8l3NpmvQR7T41xqqb6W.iodZWXl1IWyou3KItLpvyECWiUrpU8O', '612-387-6031');
insert into users (id, address, city, state, email, empscho, firstname, surname, username, gender, jmbg, occupation, password, phone) values (161, '1137 Welch Point', 'Kadugadung', 'Indonesia', 'emalec4g@sakura.ne.jp', 'Katz', 'Emmalyn', 'Malec', 'emalec4g', 'F', '105292940320', 'Account Representative III', '$2a$10$Jy8l3NpmvQR7T41xqqb6W.iodZWXl1IWyou3KItLpvyECWiUrpU8O', '562-778-5243');
insert into users (id, address, city, state, email, empscho, firstname, surname, username, gender, jmbg, occupation, password, phone) values (162, '14 Summit Street', 'Bouarouss', 'Morocco', 'cdurgan4h@indiatimes.com', 'Dabjam', 'Celestia', 'Durgan', 'cdurgan4h', 'F', '914497968744', 'Operator', '$2a$10$Jy8l3NpmvQR7T41xqqb6W.iodZWXl1IWyou3KItLpvyECWiUrpU8O', '834-960-1921');
insert into users (id, address, city, state, email, empscho, firstname, surname, username, gender, jmbg, occupation, password, phone) values (163, '97 Scoville Park', 'Poste de Flacq', 'Mauritius', 'owinchurst4i@sina.com.cn', 'Divavu', 'Osmond', 'Winchurst', 'owinchurst4i', 'M', '147840894598', 'Business Systems Development Analyst', '$2a$10$Jy8l3NpmvQR7T41xqqb6W.iodZWXl1IWyou3KItLpvyECWiUrpU8O', '796-697-3100');
insert into users (id, address, city, state, email, empscho, firstname, surname, username, gender, jmbg, occupation, password, phone) values (164, '65887 Dorton Junction', 'Dukuhmencek Lor', 'Indonesia', 'oketteringham4j@ihg.com', 'Blognation', 'Orbadiah', 'Ketteringham', 'oketteringham4j', 'M', '74390708876', 'Legal Assistant', '$2a$10$Jy8l3NpmvQR7T41xqqb6W.iodZWXl1IWyou3KItLpvyECWiUrpU8O', '525-841-9893');
insert into users (id, address, city, state, email, empscho, firstname, surname, username, gender, jmbg, occupation, password, phone) values (165, '7 Gerald Trail', 'Casa Nova', 'Portugal', 'ccandelin4k@omniture.com', 'Voolith', 'Corny', 'Candelin', 'ccandelin4k', 'M', '836268218725', 'Nurse', '$2a$10$Jy8l3NpmvQR7T41xqqb6W.iodZWXl1IWyou3KItLpvyECWiUrpU8O', '228-272-5227');
insert into users (id, address, city, state, email, empscho, firstname, surname, username, gender, jmbg, occupation, password, phone) values (166, '86625 Mifflin Street', 'Bafoulabé', 'Mali', 'mcitrine4l@sphinn.com', 'Voonder', 'Maressa', 'Citrine', 'mcitrine4l', 'F', '797515884763', 'Recruiter', '$2a$10$Jy8l3NpmvQR7T41xqqb6W.iodZWXl1IWyou3KItLpvyECWiUrpU8O', '958-158-1427');
insert into users (id, address, city, state, email, empscho, firstname, surname, username, gender, jmbg, occupation, password, phone) values (167, '3553 Mayer Street', 'Kimil’tey', 'Russia', 'dchaucer4m@who.int', 'Roodel', 'Damaris', 'Chaucer', 'dchaucer4m', 'F', '422673654284', 'Account Executive', '$2a$10$Jy8l3NpmvQR7T41xqqb6W.iodZWXl1IWyou3KItLpvyECWiUrpU8O', '791-147-5912');
insert into users (id, address, city, state, email, empscho, firstname, surname, username, gender, jmbg, occupation, password, phone) values (168, '6737 Harper Street', 'Formiga', 'Brazil', 'jolyfat4n@aol.com', 'Zoombeat', 'Joseph', 'Olyfat', 'jolyfat4n', 'M', '784246608697', 'Financial Analyst', '$2a$10$Jy8l3NpmvQR7T41xqqb6W.iodZWXl1IWyou3KItLpvyECWiUrpU8O', '893-373-4963');
insert into users (id, address, city, state, email, empscho, firstname, surname, username, gender, jmbg, occupation, password, phone) values (169, '7191 Steensland Circle', 'Magetlegar', 'Indonesia', 'bwikey4o@oracle.com', 'Twitternation', 'Belvia', 'Wikey', 'bwikey4o', 'F', '208505721473', 'Budget/Accounting Analyst II', '$2a$10$Jy8l3NpmvQR7T41xqqb6W.iodZWXl1IWyou3KItLpvyECWiUrpU8O', '622-961-4682');
insert into users (id, address, city, state, email, empscho, firstname, surname, username, gender, jmbg, occupation, password, phone) values (170, '945 Carpenter Terrace', 'Voznesenskaya', 'Russia', 'whubbold4p@twitter.com', 'Tazzy', 'Washington', 'Hubbold', 'whubbold4p', 'M', '174915083028', 'Project Manager', '$2a$10$Jy8l3NpmvQR7T41xqqb6W.iodZWXl1IWyou3KItLpvyECWiUrpU8O', '861-686-1991');
insert into users (id, address, city, state, email, empscho, firstname, surname, username, gender, jmbg, occupation, password, phone) values (171, '37549 Hermina Pass', 'Cikaso', 'Indonesia', 'hbuttery4q@hud.gov', 'Browsecat', 'Hermy', 'Buttery', 'hbuttery4q', 'M', '603167127090', 'Financial Analyst', '$2a$10$Jy8l3NpmvQR7T41xqqb6W.iodZWXl1IWyou3KItLpvyECWiUrpU8O', '621-362-2589');
insert into users (id, address, city, state, email, empscho, firstname, surname, username, gender, jmbg, occupation, password, phone) values (172, '976 Logan Circle', 'Colón', 'Argentina', 'obutterley4r@google.cn', 'Tekfly', 'Orren', 'Butterley', 'obutterley4r', 'M', '585168255901', 'Assistant Professor', '$2a$10$Jy8l3NpmvQR7T41xqqb6W.iodZWXl1IWyou3KItLpvyECWiUrpU8O', '403-802-9642');
insert into users (id, address, city, state, email, empscho, firstname, surname, username, gender, jmbg, occupation, password, phone) values (173, '981 Oneill Alley', 'Xinhe', 'China', 'wfreathy4s@purevolume.com', 'Tagcat', 'Warden', 'Freathy', 'wfreathy4s', 'M', '454027201441', 'Software Test Engineer I', '$2a$10$Jy8l3NpmvQR7T41xqqb6W.iodZWXl1IWyou3KItLpvyECWiUrpU8O', '949-243-3984');
insert into users (id, address, city, state, email, empscho, firstname, surname, username, gender, jmbg, occupation, password, phone) values (174, '977 Towne Parkway', 'Načeradec', 'Czech Republic', 'govize4t@deviantart.com', 'Minyx', 'Gilli', 'Ovize', 'govize4t', 'F', '806464282370', 'Nurse Practicioner', '$2a$10$Jy8l3NpmvQR7T41xqqb6W.iodZWXl1IWyou3KItLpvyECWiUrpU8O', '595-416-8376');
insert into users (id, address, city, state, email, empscho, firstname, surname, username, gender, jmbg, occupation, password, phone) values (175, '1 Lake View Court', 'Onsala', 'Sweden', 'evalenta4u@cnbc.com', 'Blogtags', 'Elsinore', 'Valenta', 'evalenta4u', 'F', '825988556176', 'Compensation Analyst', '$2a$10$Jy8l3NpmvQR7T41xqqb6W.iodZWXl1IWyou3KItLpvyECWiUrpU8O', '882-871-6574');
insert into users (id, address, city, state, email, empscho, firstname, surname, username, gender, jmbg, occupation, password, phone) values (176, '55 Hintze Plaza', 'Hanjiaji', 'China', 'cspeed4v@gov.uk', 'Topdrive', 'Charmion', 'Speed', 'cspeed4v', 'F', '251766691326', 'Developer I', '$2a$10$Jy8l3NpmvQR7T41xqqb6W.iodZWXl1IWyou3KItLpvyECWiUrpU8O', '822-140-3170');
insert into users (id, address, city, state, email, empscho, firstname, surname, username, gender, jmbg, occupation, password, phone) values (177, '94 Emmet Junction', 'Bonak', 'Indonesia', 'ljansema4w@mashable.com', 'Kwideo', 'Lisha', 'Jansema', 'ljansema4w', 'F', '895169615474', 'Human Resources Assistant III', '$2a$10$Jy8l3NpmvQR7T41xqqb6W.iodZWXl1IWyou3KItLpvyECWiUrpU8O', '370-301-3593');
insert into users (id, address, city, state, email, empscho, firstname, surname, username, gender, jmbg, occupation, password, phone) values (178, '9816 Forest Avenue', 'Sankeng', 'China', 'gcreamen4x@people.com.cn', 'Skivee', 'Germaine', 'Creamen', 'gcreamen4x', 'F', '682147594594', 'Web Developer I', '$2a$10$Jy8l3NpmvQR7T41xqqb6W.iodZWXl1IWyou3KItLpvyECWiUrpU8O', '183-786-5823');
insert into users (id, address, city, state, email, empscho, firstname, surname, username, gender, jmbg, occupation, password, phone) values (179, '424 Raven Center', 'Qingshui', 'China', 'rgoodman4y@dyndns.org', 'Kazu', 'Rhodia', 'Goodman', 'rgoodman4y', 'F', '620432393061', 'Clinical Specialist', '$2a$10$Jy8l3NpmvQR7T41xqqb6W.iodZWXl1IWyou3KItLpvyECWiUrpU8O', '768-143-0726');
insert into users (id, address, city, state, email, empscho, firstname, surname, username, gender, jmbg, occupation, password, phone) values (180, '35 Carpenter Circle', 'Sala', 'Sweden', 'dhubback4z@t.co', 'Yodo', 'Daniela', 'Hubback', 'dhubback4z', 'F', '753117509445', 'Business Systems Development Analyst', '$2a$10$Jy8l3NpmvQR7T41xqqb6W.iodZWXl1IWyou3KItLpvyECWiUrpU8O', '490-205-6417');
insert into users (id, address, city, state, email, empscho, firstname, surname, username, gender, jmbg, occupation, password, phone) values (181, '197 Helena Avenue', 'Changshan', 'China', 'dhagwood50@nytimes.com', 'Cogidoo', 'Dmitri', 'Hagwood', 'dhagwood50', 'M', '437680794498', 'Senior Quality Engineer', '$2a$10$Jy8l3NpmvQR7T41xqqb6W.iodZWXl1IWyou3KItLpvyECWiUrpU8O', '670-679-8423');
insert into users (id, address, city, state, email, empscho, firstname, surname, username, gender, jmbg, occupation, password, phone) values (182, '051 Farragut Alley', 'Lesogorsk', 'Russia', 'llawerence51@google.de', 'Edgeclub', 'Lindy', 'Lawerence', 'llawerence51', 'M', '825083430125', 'Computer Systems Analyst III', '$2a$10$Jy8l3NpmvQR7T41xqqb6W.iodZWXl1IWyou3KItLpvyECWiUrpU8O', '348-831-2188');
insert into users (id, address, city, state, email, empscho, firstname, surname, username, gender, jmbg, occupation, password, phone) values (183, '03 Barnett Road', 'Majie', 'China', 'aswyer52@apache.org', 'Twimbo', 'Aaron', 'Swyer', 'aswyer52', 'M', '709950761817', 'Payment Adjustment Coordinator', '$2a$10$Jy8l3NpmvQR7T41xqqb6W.iodZWXl1IWyou3KItLpvyECWiUrpU8O', '609-516-9800');
insert into users (id, address, city, state, email, empscho, firstname, surname, username, gender, jmbg, occupation, password, phone) values (184, '0 Nova Pass', 'Mityana', 'Uganda', 'efyldes53@hostgator.com', 'Oyope', 'Emmy', 'Fyldes', 'efyldes53', 'M', '819657885228', 'Media Manager II', '$2a$10$Jy8l3NpmvQR7T41xqqb6W.iodZWXl1IWyou3KItLpvyECWiUrpU8O', '723-104-9528');
insert into users (id, address, city, state, email, empscho, firstname, surname, username, gender, jmbg, occupation, password, phone) values (185, '70700 Towne Court', '‘Irbīn', 'Syria', 'rchimienti54@deviantart.com', 'Jaxworks', 'Raeann', 'Chimienti', 'rchimienti54', 'F', '416458889646', 'Paralegal', '$2a$10$Jy8l3NpmvQR7T41xqqb6W.iodZWXl1IWyou3KItLpvyECWiUrpU8O', '861-293-4300');
insert into users (id, address, city, state, email, empscho, firstname, surname, username, gender, jmbg, occupation, password, phone) values (186, '81 Elgar Lane', 'Dul’durga', 'Russia', 'wlongthorn55@goo.gl', 'Eimbee', 'Wynny', 'Longthorn', 'wlongthorn55', 'F', '375653186101', 'Quality Engineer', '$2a$10$Jy8l3NpmvQR7T41xqqb6W.iodZWXl1IWyou3KItLpvyECWiUrpU8O', '584-124-4592');
insert into users (id, address, city, state, email, empscho, firstname, surname, username, gender, jmbg, occupation, password, phone) values (187, '05006 Helena Road', 'Deh-e Now', 'Afghanistan', 'mlimb56@blog.com', 'Centimia', 'Madeline', 'Limb', 'mlimb56', 'F', '160421153494', 'Office Assistant II', '$2a$10$Jy8l3NpmvQR7T41xqqb6W.iodZWXl1IWyou3KItLpvyECWiUrpU8O', '532-528-2097');
insert into users (id, address, city, state, email, empscho, firstname, surname, username, gender, jmbg, occupation, password, phone) values (188, '62 Bartillon Pass', 'Sutton', 'United Kingdom', 'amacclenan57@ehow.com', 'Teklist', 'Arri', 'MacClenan', 'amacclenan57', 'M', '616484120056', 'Web Designer I', '$2a$10$Jy8l3NpmvQR7T41xqqb6W.iodZWXl1IWyou3KItLpvyECWiUrpU8O', '325-608-6392');
insert into users (id, address, city, state, email, empscho, firstname, surname, username, gender, jmbg, occupation, password, phone) values (189, '48 Schiller Alley', 'Paisha', 'China', 'mjerg58@theatlantic.com', 'Ntags', 'Mickie', 'Jerg', 'mjerg58', 'F', '968488193117', 'Geological Engineer', '$2a$10$Jy8l3NpmvQR7T41xqqb6W.iodZWXl1IWyou3KItLpvyECWiUrpU8O', '775-373-1644');
insert into users (id, address, city, state, email, empscho, firstname, surname, username, gender, jmbg, occupation, password, phone) values (190, '7 7th Park', 'Majiang', 'China', 'bennals59@webnode.com', 'Centidel', 'Beverlee', 'Ennals', 'bennals59', 'F', '169968695108', 'Computer Systems Analyst III', '$2a$10$Jy8l3NpmvQR7T41xqqb6W.iodZWXl1IWyou3KItLpvyECWiUrpU8O', '796-563-1150');
insert into users (id, address, city, state, email, empscho, firstname, surname, username, gender, jmbg, occupation, password, phone) values (191, '27015 Doe Crossing Pass', 'Estela', 'Portugal', 'sbardell5a@jiathis.com', 'Flashspan', 'See', 'Bardell', 'sbardell5a', 'M', '681276020292', 'Health Coach II', '$2a$10$Jy8l3NpmvQR7T41xqqb6W.iodZWXl1IWyou3KItLpvyECWiUrpU8O', '272-218-2327');
insert into users (id, address, city, state, email, empscho, firstname, surname, username, gender, jmbg, occupation, password, phone) values (192, '3138 Monica Plaza', 'Zhuji', 'China', 'rwillmett5b@google.it', 'Gabcube', 'Ragnar', 'Willmett', 'rwillmett5b', 'M', '821095885594', 'Geological Engineer', '$2a$10$Jy8l3NpmvQR7T41xqqb6W.iodZWXl1IWyou3KItLpvyECWiUrpU8O', '972-219-9555');
insert into users (id, address, city, state, email, empscho, firstname, surname, username, gender, jmbg, occupation, password, phone) values (193, '9 Fairfield Circle', 'Huogezhuang', 'China', 'vthunderchief5c@canalblog.com', 'Agimba', 'Vittoria', 'Thunderchief', 'vthunderchief5c', 'F', '763420527551', 'Software Test Engineer I', '$2a$10$Jy8l3NpmvQR7T41xqqb6W.iodZWXl1IWyou3KItLpvyECWiUrpU8O', '791-394-1985');
insert into users (id, address, city, state, email, empscho, firstname, surname, username, gender, jmbg, occupation, password, phone) values (194, '80 Debra Junction', 'Kawit', 'Philippines', 'ckrolik5d@blogtalkradio.com', 'Aimbu', 'Corabella', 'Krolik', 'ckrolik5d', 'F', '279579594283', 'Account Representative III', '$2a$10$Jy8l3NpmvQR7T41xqqb6W.iodZWXl1IWyou3KItLpvyECWiUrpU8O', '615-925-2926');
insert into users (id, address, city, state, email, empscho, firstname, surname, username, gender, jmbg, occupation, password, phone) values (195, '5445 Mccormick Junction', 'Thị Trấn Quảng Uyên', 'Vietnam', 'btwiddy5e@de.vu', 'Gigabox', 'Brig', 'Twiddy', 'btwiddy5e', 'M', '85864508819', 'Assistant Manager', '$2a$10$Jy8l3NpmvQR7T41xqqb6W.iodZWXl1IWyou3KItLpvyECWiUrpU8O', '644-362-8311');
insert into users (id, address, city, state, email, empscho, firstname, surname, username, gender, jmbg, occupation, password, phone) values (196, '39 Kennedy Trail', 'Maketu', 'New Zealand', 'jbrogi5f@ehow.com', 'Mynte', 'Janeczka', 'Brogi', 'jbrogi5f', 'F', '219066954919', 'Chief Design Engineer', '$2a$10$Jy8l3NpmvQR7T41xqqb6W.iodZWXl1IWyou3KItLpvyECWiUrpU8O', '219-420-9552');
insert into users (id, address, city, state, email, empscho, firstname, surname, username, gender, jmbg, occupation, password, phone) values (197, '6 Main Crossing', 'Sangtian', 'China', 'polfert5g@wired.com', 'Skyndu', 'Philis', 'Olfert', 'polfert5g', 'F', '232102001304', 'Sales Associate', '$2a$10$Jy8l3NpmvQR7T41xqqb6W.iodZWXl1IWyou3KItLpvyECWiUrpU8O', '818-122-6264');
insert into users (id, address, city, state, email, empscho, firstname, surname, username, gender, jmbg, occupation, password, phone) values (198, '90 Michigan Terrace', 'Santa Lucia', 'Philippines', 'aganniclifft5h@vkontakte.ru', 'Tanoodle', 'Antonina', 'Ganniclifft', 'aganniclifft5h', 'F', '639585721134', 'Internal Auditor', '$2a$10$Jy8l3NpmvQR7T41xqqb6W.iodZWXl1IWyou3KItLpvyECWiUrpU8O', '741-621-9865');
insert into users (id, address, city, state, email, empscho, firstname, surname, username, gender, jmbg, occupation, password, phone) values (199, '73746 Almo Hill', 'Altay', 'China', 'rfriedlos5i@plala.or.jp', 'Brainsphere', 'Rockey', 'Friedlos', 'rfriedlos5i', 'M', '594050194875', 'Media Manager II', '$2a$10$Jy8l3NpmvQR7T41xqqb6W.iodZWXl1IWyou3KItLpvyECWiUrpU8O', '859-835-0131');
insert into users (id, address, city, state, email, empscho, firstname, surname, username, gender, jmbg, occupation, password, phone) values (200, '977 Carioca Parkway', 'Ualog', 'Philippines', 'mhanks5j@hexun.com', 'Mynte', 'Mile', 'Hanks', 'mhanks5j', 'M', '566635202874', 'Financial Analyst', '$2a$10$Jy8l3NpmvQR7T41xqqb6W.iodZWXl1IWyou3KItLpvyECWiUrpU8O', '580-342-0703');
insert into users (id, address, city, state, email, empscho, firstname, surname, username, gender, jmbg, occupation, password, phone) values (201, '0 Thompson Lane', 'Komysh-Zorya', 'Ukraine', 'pengel5k@ameblo.jp', 'Babbleblab', 'Pia', 'Engel', 'pengel5k', 'F', '581345480399', 'Accountant IV', '$2a$10$Jy8l3NpmvQR7T41xqqb6W.iodZWXl1IWyou3KItLpvyECWiUrpU8O', '158-118-6208');
insert into users (id, address, city, state, email, empscho, firstname, surname, username, gender, jmbg, occupation, password, phone) values (202, '8411 Montana Street', 'Sukakerta', 'Indonesia', 'rlekeux5l@uiuc.edu', 'Zooxo', 'Ronny', 'le Keux', 'rlekeux5l', 'F', '864997924032', 'Computer Systems Analyst I', '$2a$10$Jy8l3NpmvQR7T41xqqb6W.iodZWXl1IWyou3KItLpvyECWiUrpU8O', '410-321-1804');
insert into users (id, address, city, state, email, empscho, firstname, surname, username, gender, jmbg, occupation, password, phone) values (203, '128 Debs Alley', 'Askersund', 'Sweden', 'tcalverd5m@usatoday.com', 'Gigaclub', 'Trent', 'Calverd', 'tcalverd5m', 'M', '192491949297', 'Quality Control Specialist', '$2a$10$Jy8l3NpmvQR7T41xqqb6W.iodZWXl1IWyou3KItLpvyECWiUrpU8O', '636-414-9193');
insert into users (id, address, city, state, email, empscho, firstname, surname, username, gender, jmbg, occupation, password, phone) values (204, '492 Kedzie Pass', 'Guarapari', 'Brazil', 'achadburn5n@shareasale.com', 'Agimba', 'Adrea', 'Chadburn', 'achadburn5n', 'F', '597258566129', 'Staff Scientist', '$2a$10$Jy8l3NpmvQR7T41xqqb6W.iodZWXl1IWyou3KItLpvyECWiUrpU8O', '595-610-6489');
insert into users (id, address, city, state, email, empscho, firstname, surname, username, gender, jmbg, occupation, password, phone) values (205, '81 Buena Vista Junction', 'Kuantian', 'China', 'smathiasen5o@census.gov', 'Zoomlounge', 'Smith', 'Mathiasen', 'smathiasen5o', 'M', '582228519396', 'Programmer II', '$2a$10$Jy8l3NpmvQR7T41xqqb6W.iodZWXl1IWyou3KItLpvyECWiUrpU8O', '260-371-6804');
insert into users (id, address, city, state, email, empscho, firstname, surname, username, gender, jmbg, occupation, password, phone) values (206, '74 Village Court', 'Guan’e', 'China', 'mfelstead5p@vinaora.com', 'Jabbersphere', 'Meier', 'Felstead', 'mfelstead5p', 'M', '360954318032', 'Administrative Officer', '$2a$10$Jy8l3NpmvQR7T41xqqb6W.iodZWXl1IWyou3KItLpvyECWiUrpU8O', '463-939-1499');
insert into users (id, address, city, state, email, empscho, firstname, surname, username, gender, jmbg, occupation, password, phone) values (207, '3861 Grim Park', 'Ninh Hòa', 'Vietnam', 'hdaton5q@shutterfly.com', 'Chatterpoint', 'Hayes', 'Daton', 'hdaton5q', 'M', '524983211693', 'Mechanical Systems Engineer', '$2a$10$Jy8l3NpmvQR7T41xqqb6W.iodZWXl1IWyou3KItLpvyECWiUrpU8O', '129-736-8461');
insert into users (id, address, city, state, email, empscho, firstname, surname, username, gender, jmbg, occupation, password, phone) values (208, '175 Monica Trail', 'Tours', 'France', 'rtyce5r@cnet.com', 'BlogXS', 'Rabbi', 'Tyce', 'rtyce5r', 'M', '54699591579', 'VP Marketing', '$2a$10$Jy8l3NpmvQR7T41xqqb6W.iodZWXl1IWyou3KItLpvyECWiUrpU8O', '400-649-7415');
insert into users (id, address, city, state, email, empscho, firstname, surname, username, gender, jmbg, occupation, password, phone) values (209, '488 Miller Way', 'Marteleira', 'Portugal', 'erevens5s@pbs.org', 'Trupe', 'Engelbert', 'Revens', 'erevens5s', 'M', '646902325105', 'GIS Technical Architect', '$2a$10$Jy8l3NpmvQR7T41xqqb6W.iodZWXl1IWyou3KItLpvyECWiUrpU8O', '634-943-8508');
insert into users (id, address, city, state, email, empscho, firstname, surname, username, gender, jmbg, occupation, password, phone) values (210, '93 Surrey Alley', 'Jihui', 'China', 'mstanlock5t@youtu.be', 'Fatz', 'Matthaeus', 'Stanlock', 'mstanlock5t', 'M', '420125297762', 'Account Coordinator', '$2a$10$Jy8l3NpmvQR7T41xqqb6W.iodZWXl1IWyou3KItLpvyECWiUrpU8O', '139-956-8411');
insert into users (id, address, city, state, email, empscho, firstname, surname, username, gender, jmbg, occupation, password, phone) values (211, '3946 Del Mar Street', 'Pardelhas', 'Portugal', 'baikenhead5u@usgs.gov', 'Browsecat', 'Berty', 'Aikenhead', 'baikenhead5u', 'M', '610130687840', 'Chief Design Engineer', '$2a$10$Jy8l3NpmvQR7T41xqqb6W.iodZWXl1IWyou3KItLpvyECWiUrpU8O', '162-665-1486');
insert into users (id, address, city, state, email, empscho, firstname, surname, username, gender, jmbg, occupation, password, phone) values (212, '4 Independence Way', 'Rongdoi', 'China', 'darthan5v@163.com', 'Wordware', 'Denyse', 'Arthan', 'darthan5v', 'F', '457329540774', 'Nurse', '$2a$10$Jy8l3NpmvQR7T41xqqb6W.iodZWXl1IWyou3KItLpvyECWiUrpU8O', '989-741-4228');
insert into users (id, address, city, state, email, empscho, firstname, surname, username, gender, jmbg, occupation, password, phone) values (213, '1 Old Gate Way', 'Changshou', 'China', 'omorant5w@dot.gov', 'DabZ', 'Orlan', 'Morant', 'omorant5w', 'M', '684858588574', 'Environmental Tech', '$2a$10$Jy8l3NpmvQR7T41xqqb6W.iodZWXl1IWyou3KItLpvyECWiUrpU8O', '551-796-9013');
insert into users (id, address, city, state, email, empscho, firstname, surname, username, gender, jmbg, occupation, password, phone) values (214, '886 Farwell Drive', 'Zorgo', 'Burkina Faso', 'anortheast5x@unicef.org', 'Eidel', 'Abdel', 'Northeast', 'anortheast5x', 'M', '20126290468', 'Help Desk Technician', '$2a$10$Jy8l3NpmvQR7T41xqqb6W.iodZWXl1IWyou3KItLpvyECWiUrpU8O', '100-173-7897');
insert into users (id, address, city, state, email, empscho, firstname, surname, username, gender, jmbg, occupation, password, phone) values (215, '2388 Meadow Valley Drive', 'Panggungsari', 'Indonesia', 'aluesley5y@opensource.org', 'Tekfly', 'Arri', 'Luesley', 'aluesley5y', 'M', '662773476464', 'Administrative Assistant IV', '$2a$10$Jy8l3NpmvQR7T41xqqb6W.iodZWXl1IWyou3KItLpvyECWiUrpU8O', '711-476-0634');
insert into users (id, address, city, state, email, empscho, firstname, surname, username, gender, jmbg, occupation, password, phone) values (216, '401 American Ash Point', 'Samashki', 'Russia', 'aclemont5z@trellian.com', 'Bluejam', 'Alberto', 'Clemont', 'aclemont5z', 'M', '262322053039', 'Senior Editor', '$2a$10$Jy8l3NpmvQR7T41xqqb6W.iodZWXl1IWyou3KItLpvyECWiUrpU8O', '963-539-4436');
insert into users (id, address, city, state, email, empscho, firstname, surname, username, gender, jmbg, occupation, password, phone) values (217, '346 Schlimgen Avenue', 'Jinan', 'China', 'tfrisdick60@sina.com.cn', 'Jabbercube', 'Timothea', 'Frisdick', 'tfrisdick60', 'F', '890086850082', 'Staff Scientist', '$2a$10$Jy8l3NpmvQR7T41xqqb6W.iodZWXl1IWyou3KItLpvyECWiUrpU8O', '397-793-6955');
insert into users (id, address, city, state, email, empscho, firstname, surname, username, gender, jmbg, occupation, password, phone) values (218, '5536 Vermont Street', 'Garies', 'South Africa', 'rwaterfall61@auda.org.au', 'Ainyx', 'Roshelle', 'Waterfall', 'rwaterfall61', 'F', '313305221414', 'Research Assistant II', '$2a$10$Jy8l3NpmvQR7T41xqqb6W.iodZWXl1IWyou3KItLpvyECWiUrpU8O', '827-912-4808');
insert into users (id, address, city, state, email, empscho, firstname, surname, username, gender, jmbg, occupation, password, phone) values (219, '2230 Melrose Court', 'Nanshan', 'China', 'mofallone62@studiopress.com', 'Yombu', 'Maurits', 'O''Fallone', 'mofallone62', 'M', '535615204931', 'Environmental Tech', '$2a$10$Jy8l3NpmvQR7T41xqqb6W.iodZWXl1IWyou3KItLpvyECWiUrpU8O', '149-438-3290');
insert into users (id, address, city, state, email, empscho, firstname, surname, username, gender, jmbg, occupation, password, phone) values (220, '75 Linden Court', 'Sinop', 'Brazil', 'scakebread63@slideshare.net', 'Wordify', 'Sterling', 'Cakebread', 'scakebread63', 'M', '875379660721', 'Tax Accountant', '$2a$10$Jy8l3NpmvQR7T41xqqb6W.iodZWXl1IWyou3KItLpvyECWiUrpU8O', '799-971-5502');
insert into users (id, address, city, state, email, empscho, firstname, surname, username, gender, jmbg, occupation, password, phone) values (221, '37 Maple Road', 'Mrzezino', 'Poland', 'ffermer64@homestead.com', 'Wikibox', 'Ferdinanda', 'Fermer', 'ffermer64', 'F', '982434660298', 'Mechanical Systems Engineer', '$2a$10$Jy8l3NpmvQR7T41xqqb6W.iodZWXl1IWyou3KItLpvyECWiUrpU8O', '604-231-1162');
insert into users (id, address, city, state, email, empscho, firstname, surname, username, gender, jmbg, occupation, password, phone) values (222, '33672 Springview Drive', 'Nong Hi', 'Thailand', 'pdoyle65@123-reg.co.uk', 'Dablist', 'Phillis', 'Doyle', 'pdoyle65', 'F', '415017790886', 'GIS Technical Architect', '$2a$10$Jy8l3NpmvQR7T41xqqb6W.iodZWXl1IWyou3KItLpvyECWiUrpU8O', '255-299-0204');
insert into users (id, address, city, state, email, empscho, firstname, surname, username, gender, jmbg, occupation, password, phone) values (223, '3 Nelson Lane', 'Alarobia', 'Madagascar', 'hcreffeild66@hud.gov', 'Talane', 'Hailey', 'Creffeild', 'hcreffeild66', 'M', '15978344434', 'Professor', '$2a$10$Jy8l3NpmvQR7T41xqqb6W.iodZWXl1IWyou3KItLpvyECWiUrpU8O', '553-435-2831');
insert into users (id, address, city, state, email, empscho, firstname, surname, username, gender, jmbg, occupation, password, phone) values (224, '4034 Monica Point', 'Empangeni', 'South Africa', 'cmaccallester67@globo.com', 'Yozio', 'Cletus', 'MacCallester', 'cmaccallester67', 'M', '812971446788', 'Design Engineer', '$2a$10$Jy8l3NpmvQR7T41xqqb6W.iodZWXl1IWyou3KItLpvyECWiUrpU8O', '213-110-6396');
insert into users (id, address, city, state, email, empscho, firstname, surname, username, gender, jmbg, occupation, password, phone) values (225, '83931 Mandrake Terrace', 'Eshowe', 'South Africa', 'sitzhaki68@umich.edu', 'Mybuzz', 'Simone', 'Itzhaki', 'sitzhaki68', 'M', '674346472669', 'Account Coordinator', '$2a$10$Jy8l3NpmvQR7T41xqqb6W.iodZWXl1IWyou3KItLpvyECWiUrpU8O', '789-268-4400');
insert into users (id, address, city, state, email, empscho, firstname, surname, username, gender, jmbg, occupation, password, phone) values (226, '5 Susan Pass', 'Stockholm', 'Sweden', 'hcalrow69@unblog.fr', 'Jabberbean', 'Hunter', 'Calrow', 'hcalrow69', 'M', '679236330289', 'Junior Executive', '$2a$10$Jy8l3NpmvQR7T41xqqb6W.iodZWXl1IWyou3KItLpvyECWiUrpU8O', '599-844-4254');
insert into users (id, address, city, state, email, empscho, firstname, surname, username, gender, jmbg, occupation, password, phone) values (227, '364 Mcguire Junction', 'Birmingham', 'United States', 'gmacneilley6a@hp.com', 'Brainverse', 'Gard', 'MacNeilley', 'gmacneilley6a', 'M', '325462853640', 'Human Resources Manager', '$2a$10$Jy8l3NpmvQR7T41xqqb6W.iodZWXl1IWyou3KItLpvyECWiUrpU8O', '205-593-4067');
insert into users (id, address, city, state, email, empscho, firstname, surname, username, gender, jmbg, occupation, password, phone) values (228, '65059 Monterey Center', 'Frashër', 'Albania', 'dbottrill6b@360.cn', 'Youspan', 'Dagny', 'Bottrill', 'dbottrill6b', 'M', '464182398787', 'Engineer I', '$2a$10$Jy8l3NpmvQR7T41xqqb6W.iodZWXl1IWyou3KItLpvyECWiUrpU8O', '211-759-3617');
insert into users (id, address, city, state, email, empscho, firstname, surname, username, gender, jmbg, occupation, password, phone) values (229, '1498 Eliot Trail', 'Unidad', 'Philippines', 'mjudson6c@phoca.cz', 'Chatterbridge', 'Marianna', 'Judson', 'mjudson6c', 'F', '768007300400', 'Electrical Engineer', '$2a$10$Jy8l3NpmvQR7T41xqqb6W.iodZWXl1IWyou3KItLpvyECWiUrpU8O', '754-307-6499');
insert into users (id, address, city, state, email, empscho, firstname, surname, username, gender, jmbg, occupation, password, phone) values (230, '3648 Bonner Terrace', 'Wangyi Zhendian', 'China', 'lfaers6d@paginegialle.it', 'Twinte', 'Locke', 'Faers', 'lfaers6d', 'M', '142635110531', 'Structural Engineer', '$2a$10$Jy8l3NpmvQR7T41xqqb6W.iodZWXl1IWyou3KItLpvyECWiUrpU8O', '501-772-7737');
insert into users (id, address, city, state, email, empscho, firstname, surname, username, gender, jmbg, occupation, password, phone) values (231, '772 1st Park', 'Polje', 'Bosnia and Herzegovina', 'dpine6e@cyberchimps.com', 'Yata', 'Delores', 'Pine', 'dpine6e', 'F', '234036320800', 'Legal Assistant', '$2a$10$Jy8l3NpmvQR7T41xqqb6W.iodZWXl1IWyou3KItLpvyECWiUrpU8O', '286-620-1838');
insert into users (id, address, city, state, email, empscho, firstname, surname, username, gender, jmbg, occupation, password, phone) values (232, '0809 Fallview Circle', 'Saskylakh', 'Russia', 'mpadginton6f@elegantthemes.com', 'Riffpath', 'Minnnie', 'Padginton', 'mpadginton6f', 'F', '14233727045', 'Computer Systems Analyst I', '$2a$10$Jy8l3NpmvQR7T41xqqb6W.iodZWXl1IWyou3KItLpvyECWiUrpU8O', '420-352-3490');
insert into users (id, address, city, state, email, empscho, firstname, surname, username, gender, jmbg, occupation, password, phone) values (233, '2685 Bay Terrace', 'Promyshlennaya', 'Russia', 'hdwerryhouse6g@furl.net', 'Realfire', 'Huey', 'Dwerryhouse', 'hdwerryhouse6g', 'M', '14037885263', 'Help Desk Technician', '$2a$10$Jy8l3NpmvQR7T41xqqb6W.iodZWXl1IWyou3KItLpvyECWiUrpU8O', '454-965-3099');
insert into users (id, address, city, state, email, empscho, firstname, surname, username, gender, jmbg, occupation, password, phone) values (234, '99014 Memorial Point', 'Uritsk', 'Russia', 'lausten6h@simplemachines.org', 'Flipopia', 'Lodovico', 'Austen', 'lausten6h', 'M', '913873392990', 'Senior Sales Associate', '$2a$10$Jy8l3NpmvQR7T41xqqb6W.iodZWXl1IWyou3KItLpvyECWiUrpU8O', '150-391-3134');
insert into users (id, address, city, state, email, empscho, firstname, surname, username, gender, jmbg, occupation, password, phone) values (235, '39 Charing Cross Court', 'Magan', 'Russia', 'mmustoo6i@illinois.edu', 'Yakijo', 'Marguerite', 'Mustoo', 'mmustoo6i', 'F', '61620016871', 'Cost Accountant', '$2a$10$Jy8l3NpmvQR7T41xqqb6W.iodZWXl1IWyou3KItLpvyECWiUrpU8O', '724-182-7084');
insert into users (id, address, city, state, email, empscho, firstname, surname, username, gender, jmbg, occupation, password, phone) values (236, '59417 Cordelia Plaza', 'Shah Alam', 'Malaysia', 'agreest6j@buzzfeed.com', 'Buzzdog', 'Arluene', 'Greest', 'agreest6j', 'F', '730307813383', 'Programmer Analyst I', '$2a$10$Jy8l3NpmvQR7T41xqqb6W.iodZWXl1IWyou3KItLpvyECWiUrpU8O', '888-370-9899');
insert into users (id, address, city, state, email, empscho, firstname, surname, username, gender, jmbg, occupation, password, phone) values (237, '009 Brentwood Junction', 'Kalmar', 'Sweden', 'dwake6k@zimbio.com', 'Talane', 'Dorie', 'Wake', 'dwake6k', 'M', '804175418839', 'Account Representative III', '$2a$10$Jy8l3NpmvQR7T41xqqb6W.iodZWXl1IWyou3KItLpvyECWiUrpU8O', '262-394-5306');
insert into users (id, address, city, state, email, empscho, firstname, surname, username, gender, jmbg, occupation, password, phone) values (238, '0337 Blackbird Plaza', 'Xiyuan', 'China', 'lsamwyse6l@amazon.co.jp', 'Trudeo', 'Lyssa', 'Samwyse', 'lsamwyse6l', 'F', '351080227960', 'Nuclear Power Engineer', '$2a$10$Jy8l3NpmvQR7T41xqqb6W.iodZWXl1IWyou3KItLpvyECWiUrpU8O', '673-665-1062');
insert into users (id, address, city, state, email, empscho, firstname, surname, username, gender, jmbg, occupation, password, phone) values (239, '2960 Claremont Alley', 'Łąck', 'Poland', 'jswanger6m@bloglovin.com', 'Muxo', 'Jed', 'Swanger', 'jswanger6m', 'M', '278264078890', 'Product Engineer', '$2a$10$Jy8l3NpmvQR7T41xqqb6W.iodZWXl1IWyou3KItLpvyECWiUrpU8O', '122-398-3487');
insert into users (id, address, city, state, email, empscho, firstname, surname, username, gender, jmbg, occupation, password, phone) values (240, '364 Redwing Court', 'Bernal', 'Peru', 'skiff6n@spiegel.de', 'Vipe', 'Susanna', 'Kiff', 'skiff6n', 'F', '535896324264', 'Sales Representative', '$2a$10$Jy8l3NpmvQR7T41xqqb6W.iodZWXl1IWyou3KItLpvyECWiUrpU8O', '829-492-7901');
insert into users (id, address, city, state, email, empscho, firstname, surname, username, gender, jmbg, occupation, password, phone) values (241, '2033 Red Cloud Parkway', 'Bagakay', 'Philippines', 'jaggas6o@angelfire.com', 'Vinte', 'Jarred', 'Aggas', 'jaggas6o', 'M', '508257695136', 'Administrative Officer', '$2a$10$Jy8l3NpmvQR7T41xqqb6W.iodZWXl1IWyou3KItLpvyECWiUrpU8O', '211-338-3219');
insert into users (id, address, city, state, email, empscho, firstname, surname, username, gender, jmbg, occupation, password, phone) values (242, '3512 Chinook Road', 'Šenov', 'Czech Republic', 'cblaszczyk6p@mapy.cz', 'Agimba', 'Cathrine', 'Blaszczyk', 'cblaszczyk6p', 'F', '829740574128', 'Senior Cost Accountant', '$2a$10$Jy8l3NpmvQR7T41xqqb6W.iodZWXl1IWyou3KItLpvyECWiUrpU8O', '726-113-7321');
insert into users (id, address, city, state, email, empscho, firstname, surname, username, gender, jmbg, occupation, password, phone) values (243, '918 Brown Alley', 'Kaizuka', 'Japan', 'dvaladez6q@hp.com', 'Shufflester', 'Devina', 'Valadez', 'dvaladez6q', 'F', '890491551813', 'Recruiting Manager', '$2a$10$Jy8l3NpmvQR7T41xqqb6W.iodZWXl1IWyou3KItLpvyECWiUrpU8O', '964-838-4308');
insert into users (id, address, city, state, email, empscho, firstname, surname, username, gender, jmbg, occupation, password, phone) values (244, '95 Bluejay Plaza', 'Barobo', 'Philippines', 'adredge6r@va.gov', 'Quimm', 'Alano', 'Dredge', 'adredge6r', 'M', '420747426857', 'Senior Financial Analyst', '$2a$10$Jy8l3NpmvQR7T41xqqb6W.iodZWXl1IWyou3KItLpvyECWiUrpU8O', '413-316-9294');
insert into users (id, address, city, state, email, empscho, firstname, surname, username, gender, jmbg, occupation, password, phone) values (245, '6 Graedel Way', 'Guaíba', 'Brazil', 'wmoreside6s@reuters.com', 'Pixoboo', 'Wallace', 'Moreside', 'wmoreside6s', 'M', '11347933760', 'VP Accounting', '$2a$10$Jy8l3NpmvQR7T41xqqb6W.iodZWXl1IWyou3KItLpvyECWiUrpU8O', '969-526-2744');
insert into users (id, address, city, state, email, empscho, firstname, surname, username, gender, jmbg, occupation, password, phone) values (246, '9 Moulton Plaza', 'Além do Rio', 'Portugal', 'aseater6t@ebay.com', 'Chatterpoint', 'Abba', 'Seater', 'aseater6t', 'M', '209939395002', 'Junior Executive', '$2a$10$Jy8l3NpmvQR7T41xqqb6W.iodZWXl1IWyou3KItLpvyECWiUrpU8O', '888-493-7185');
insert into users (id, address, city, state, email, empscho, firstname, surname, username, gender, jmbg, occupation, password, phone) values (247, '3 Bashford Hill', 'Bollnäs', 'Sweden', 'fmorecomb6u@virginia.edu', 'Tambee', 'Frederigo', 'Morecomb', 'fmorecomb6u', 'M', '934194742975', 'Actuary', '$2a$10$Jy8l3NpmvQR7T41xqqb6W.iodZWXl1IWyou3KItLpvyECWiUrpU8O', '777-454-0654');
insert into users (id, address, city, state, email, empscho, firstname, surname, username, gender, jmbg, occupation, password, phone) values (248, '9272 Hooker Junction', 'Ḩabbān', 'Yemen', 'fcapstack6v@huffingtonpost.com', 'Blogtag', 'Flossie', 'Capstack', 'fcapstack6v', 'F', '153955106929', 'Tax Accountant', '$2a$10$Jy8l3NpmvQR7T41xqqb6W.iodZWXl1IWyou3KItLpvyECWiUrpU8O', '266-927-8934');
insert into users (id, address, city, state, email, empscho, firstname, surname, username, gender, jmbg, occupation, password, phone) values (249, '6 Longview Junction', 'Shanhe', 'China', 'fbaldacchino6w@blogspot.com', 'Realbridge', 'Ferguson', 'Baldacchino', 'fbaldacchino6w', 'M', '671991537236', 'Database Administrator III', '$2a$10$Jy8l3NpmvQR7T41xqqb6W.iodZWXl1IWyou3KItLpvyECWiUrpU8O', '984-692-2370');
insert into users (id, address, city, state, email, empscho, firstname, surname, username, gender, jmbg, occupation, password, phone) values (250, '7 Hollow Ridge Junction', 'Kelapa', 'Indonesia', 'praoux6x@yandex.ru', 'Thoughtstorm', 'Pepito', 'Raoux', 'praoux6x', 'M', '358266245943', 'Nurse', '$2a$10$Jy8l3NpmvQR7T41xqqb6W.iodZWXl1IWyou3KItLpvyECWiUrpU8O', '978-541-1865');
insert into users (id, address, city, state, email, empscho, firstname, surname, username, gender, jmbg, occupation, password, phone) values (251, '48704 Harbort Crossing', 'Sillon', 'Philippines', 'dindruch6y@wix.com', 'Flipstorm', 'Donica', 'Indruch', 'dindruch6y', 'F', '918209173200', 'Administrative Assistant II', '$2a$10$Jy8l3NpmvQR7T41xqqb6W.iodZWXl1IWyou3KItLpvyECWiUrpU8O', '600-617-8183');
insert into users (id, address, city, state, email, empscho, firstname, surname, username, gender, jmbg, occupation, password, phone) values (252, '7876 Bluestem Road', 'Kabac', 'Philippines', 'fbowld6z@dedecms.com', 'Myworks', 'Fidole', 'Bowld', 'fbowld6z', 'M', '394031712626', 'Business Systems Development Analyst', '$2a$10$Jy8l3NpmvQR7T41xqqb6W.iodZWXl1IWyou3KItLpvyECWiUrpU8O', '771-328-2747');
insert into users (id, address, city, state, email, empscho, firstname, surname, username, gender, jmbg, occupation, password, phone) values (253, '4959 Kedzie Pass', 'Ranot', 'Thailand', 'ghazeldean70@dell.com', 'Midel', 'Gwendolyn', 'Hazeldean', 'ghazeldean70', 'F', '884249658125', 'Sales Associate', '$2a$10$Jy8l3NpmvQR7T41xqqb6W.iodZWXl1IWyou3KItLpvyECWiUrpU8O', '910-630-9681');
insert into users (id, address, city, state, email, empscho, firstname, surname, username, gender, jmbg, occupation, password, phone) values (254, '6574 Hayes Drive', 'Santa Rosa', 'Mexico', 'jmassen71@goodreads.com', 'Chatterpoint', 'Jermayne', 'Massen', 'jmassen71', 'M', '400306457179', 'Health Coach I', '$2a$10$Jy8l3NpmvQR7T41xqqb6W.iodZWXl1IWyou3KItLpvyECWiUrpU8O', '724-819-5072');
insert into users (id, address, city, state, email, empscho, firstname, surname, username, gender, jmbg, occupation, password, phone) values (255, '07 Blue Bill Park Way', 'Toubao', 'China', 'djertz72@bloglines.com', 'Flashspan', 'Darrick', 'Jertz', 'djertz72', 'M', '18893619882', 'Human Resources Assistant II', '$2a$10$Jy8l3NpmvQR7T41xqqb6W.iodZWXl1IWyou3KItLpvyECWiUrpU8O', '474-914-9713');
insert into users (id, address, city, state, email, empscho, firstname, surname, username, gender, jmbg, occupation, password, phone) values (256, '2032 Northridge Hill', 'Valday', 'Russia', 'rrawlins73@soup.io', 'Thoughtworks', 'Rivalee', 'Rawlins', 'rrawlins73', 'F', '55616791651', 'Financial Analyst', '$2a$10$Jy8l3NpmvQR7T41xqqb6W.iodZWXl1IWyou3KItLpvyECWiUrpU8O', '828-843-6189');
insert into users (id, address, city, state, email, empscho, firstname, surname, username, gender, jmbg, occupation, password, phone) values (257, '1 Prentice Court', 'Jakšić', 'Croatia', 'kbahlmann74@usa.gov', 'Jamia', 'Keely', 'Bahlmann', 'kbahlmann74', 'F', '903074422366', 'Physical Therapy Assistant', '$2a$10$Jy8l3NpmvQR7T41xqqb6W.iodZWXl1IWyou3KItLpvyECWiUrpU8O', '482-119-4796');
insert into users (id, address, city, state, email, empscho, firstname, surname, username, gender, jmbg, occupation, password, phone) values (258, '119 Forest Dale Parkway', 'Rāiwind', 'Pakistan', 'cmorican75@blogs.com', 'Oyonder', 'Charity', 'Morican', 'cmorican75', 'F', '296444079161', 'Project Manager', '$2a$10$Jy8l3NpmvQR7T41xqqb6W.iodZWXl1IWyou3KItLpvyECWiUrpU8O', '409-116-1335');
insert into users (id, address, city, state, email, empscho, firstname, surname, username, gender, jmbg, occupation, password, phone) values (259, '8 Monument Trail', 'Xingdian', 'China', 'mcaulder76@rambler.ru', 'Voonyx', 'Margaretha', 'Caulder', 'mcaulder76', 'F', '875303396081', 'Web Developer III', '$2a$10$Jy8l3NpmvQR7T41xqqb6W.iodZWXl1IWyou3KItLpvyECWiUrpU8O', '270-891-1912');
insert into users (id, address, city, state, email, empscho, firstname, surname, username, gender, jmbg, occupation, password, phone) values (260, '29940 Sunbrook Court', 'Bom Despacho', 'Brazil', 'gelgar77@devhub.com', 'Topicblab', 'Gustav', 'Elgar', 'gelgar77', 'M', '50439905800', 'Administrative Assistant III', '$2a$10$Jy8l3NpmvQR7T41xqqb6W.iodZWXl1IWyou3KItLpvyECWiUrpU8O', '775-133-7157');
insert into users (id, address, city, state, email, empscho, firstname, surname, username, gender, jmbg, occupation, password, phone) values (261, '3 Lindbergh Park', 'Mikun’', 'Russia', 'kpowner78@about.com', 'Rhyloo', 'Kordula', 'Powner', 'kpowner78', 'F', '59337962263', 'Research Associate', '$2a$10$Jy8l3NpmvQR7T41xqqb6W.iodZWXl1IWyou3KItLpvyECWiUrpU8O', '560-881-7495');
insert into users (id, address, city, state, email, empscho, firstname, surname, username, gender, jmbg, occupation, password, phone) values (262, '843 Oakridge Crossing', 'Kumla', 'Sweden', 'kkoppelmann79@vistaprint.com', 'Kaymbo', 'Kania', 'Koppelmann', 'kkoppelmann79', 'F', '509722794070', 'Statistician IV', '$2a$10$Jy8l3NpmvQR7T41xqqb6W.iodZWXl1IWyou3KItLpvyECWiUrpU8O', '922-111-4954');
insert into users (id, address, city, state, email, empscho, firstname, surname, username, gender, jmbg, occupation, password, phone) values (263, '90691 Blue Bill Park Hill', 'Thị Trấn Na Sầm', 'Vietnam', 'gneilands7a@un.org', 'Agivu', 'Guglielmo', 'Neilands', 'gneilands7a', 'M', '207391465549', 'Systems Administrator IV', '$2a$10$Jy8l3NpmvQR7T41xqqb6W.iodZWXl1IWyou3KItLpvyECWiUrpU8O', '573-881-1208');
insert into users (id, address, city, state, email, empscho, firstname, surname, username, gender, jmbg, occupation, password, phone) values (264, '3 Crescent Oaks Point', 'Adh Dhayd', 'United Arab Emirates', 'cthorneywork7b@dropbox.com', 'Vitz', 'Colver', 'Thorneywork', 'cthorneywork7b', 'M', '543944712121', 'Account Executive', '$2a$10$Jy8l3NpmvQR7T41xqqb6W.iodZWXl1IWyou3KItLpvyECWiUrpU8O', '612-166-7247');
insert into users (id, address, city, state, email, empscho, firstname, surname, username, gender, jmbg, occupation, password, phone) values (265, '6 Spaight Parkway', 'Batumi', 'Georgia', 'eescolme7c@de.vu', 'Oozz', 'Ezri', 'Escolme', 'eescolme7c', 'M', '528816995612', 'Computer Systems Analyst I', '$2a$10$Jy8l3NpmvQR7T41xqqb6W.iodZWXl1IWyou3KItLpvyECWiUrpU8O', '103-708-6341');
insert into users (id, address, city, state, email, empscho, firstname, surname, username, gender, jmbg, occupation, password, phone) values (266, '10588 Mcbride Parkway', 'Bolobo', 'Democratic Republic of the Congo', 'nhopkynson7d@ucoz.com', 'Wikido', 'Nikoletta', 'Hopkynson', 'nhopkynson7d', 'F', '897743746393', 'Technical Writer', '$2a$10$Jy8l3NpmvQR7T41xqqb6W.iodZWXl1IWyou3KItLpvyECWiUrpU8O', '757-881-3547');
insert into users (id, address, city, state, email, empscho, firstname, surname, username, gender, jmbg, occupation, password, phone) values (267, '02 Summerview Circle', 'Guli', 'China', 'apinson7e@shop-pro.jp', 'Feedspan', 'Akim', 'Pinson', 'apinson7e', 'M', '109390794836', 'Recruiting Manager', '$2a$10$Jy8l3NpmvQR7T41xqqb6W.iodZWXl1IWyou3KItLpvyECWiUrpU8O', '391-508-4187');
insert into users (id, address, city, state, email, empscho, firstname, surname, username, gender, jmbg, occupation, password, phone) values (268, '63 Pepper Wood Junction', 'Itaperuçu', 'Brazil', 'tmacias7f@desdev.cn', 'Lazzy', 'Tessy', 'Macias', 'tmacias7f', 'F', '559468110888', 'Health Coach I', '$2a$10$Jy8l3NpmvQR7T41xqqb6W.iodZWXl1IWyou3KItLpvyECWiUrpU8O', '462-314-4341');
insert into users (id, address, city, state, email, empscho, firstname, surname, username, gender, jmbg, occupation, password, phone) values (269, '66065 Mccormick Hill', 'Dong’an', 'China', 'lbicksteth7g@php.net', 'Skivee', 'Leighton', 'Bicksteth', 'lbicksteth7g', 'M', '402604644858', 'Accounting Assistant IV', '$2a$10$Jy8l3NpmvQR7T41xqqb6W.iodZWXl1IWyou3KItLpvyECWiUrpU8O', '230-389-9481');
insert into users (id, address, city, state, email, empscho, firstname, surname, username, gender, jmbg, occupation, password, phone) values (270, '53213 Dayton Junction', 'Jinfeng', 'China', 'dmelbert7h@canalblog.com', 'Tekfly', 'Daniele', 'Melbert', 'dmelbert7h', 'F', '686658083118', 'Staff Accountant I', '$2a$10$Jy8l3NpmvQR7T41xqqb6W.iodZWXl1IWyou3KItLpvyECWiUrpU8O', '592-611-0149');
insert into users (id, address, city, state, email, empscho, firstname, surname, username, gender, jmbg, occupation, password, phone) values (271, '00927 Spenser Parkway', 'Cungkal', 'Indonesia', 'kkeefe7i@acquirethisname.com', 'Abata', 'Kelila', 'Keefe', 'kkeefe7i', 'F', '437054884233', 'Senior Financial Analyst', '$2a$10$Jy8l3NpmvQR7T41xqqb6W.iodZWXl1IWyou3KItLpvyECWiUrpU8O', '778-841-0111');
insert into users (id, address, city, state, email, empscho, firstname, surname, username, gender, jmbg, occupation, password, phone) values (272, '40 Thompson Park', 'Bayanhoshuu', 'Mongolia', 'nmival7j@flavors.me', 'Skivee', 'Nadya', 'Mival', 'nmival7j', 'F', '895131067240', 'Chief Design Engineer', '$2a$10$Jy8l3NpmvQR7T41xqqb6W.iodZWXl1IWyou3KItLpvyECWiUrpU8O', '282-123-2081');
insert into users (id, address, city, state, email, empscho, firstname, surname, username, gender, jmbg, occupation, password, phone) values (273, '144 6th Junction', 'Fier', 'Albania', 'kchinnock7k@cargocollective.com', 'Chatterbridge', 'Karlan', 'Chinnock', 'kchinnock7k', 'M', '27796704759', 'Administrative Assistant III', '$2a$10$Jy8l3NpmvQR7T41xqqb6W.iodZWXl1IWyou3KItLpvyECWiUrpU8O', '296-966-0666');
insert into users (id, address, city, state, email, empscho, firstname, surname, username, gender, jmbg, occupation, password, phone) values (274, '2 Susan Center', 'Brodarica', 'Croatia', 'caguirrezabal7l@moonfruit.com', 'Photobug', 'Curry', 'Aguirrezabal', 'caguirrezabal7l', 'M', '913889846563', 'Legal Assistant', '$2a$10$Jy8l3NpmvQR7T41xqqb6W.iodZWXl1IWyou3KItLpvyECWiUrpU8O', '719-211-8650');
insert into users (id, address, city, state, email, empscho, firstname, surname, username, gender, jmbg, occupation, password, phone) values (275, '77918 Alpine Terrace', 'Soe', 'Indonesia', 'zquerrard7m@nba.com', 'Bluezoom', 'Zorah', 'Querrard', 'zquerrard7m', 'F', '794156113716', 'Web Developer II', '$2a$10$Jy8l3NpmvQR7T41xqqb6W.iodZWXl1IWyou3KItLpvyECWiUrpU8O', '526-327-9045');
insert into users (id, address, city, state, email, empscho, firstname, surname, username, gender, jmbg, occupation, password, phone) values (276, '08 Fulton Hill', 'Chino', 'Japan', 'gannies7n@wired.com', 'Muxo', 'Georgetta', 'Annies', 'gannies7n', 'F', '13130482265', 'Software Consultant', '$2a$10$Jy8l3NpmvQR7T41xqqb6W.iodZWXl1IWyou3KItLpvyECWiUrpU8O', '271-433-0815');
insert into users (id, address, city, state, email, empscho, firstname, surname, username, gender, jmbg, occupation, password, phone) values (277, '7659 Sullivan Drive', 'Chaiwan', 'China', 'ogibbin7o@jugem.jp', 'Edgewire', 'Oralie', 'Gibbin', 'ogibbin7o', 'F', '879214552063', 'Chief Design Engineer', '$2a$10$Jy8l3NpmvQR7T41xqqb6W.iodZWXl1IWyou3KItLpvyECWiUrpU8O', '777-904-7317');
insert into users (id, address, city, state, email, empscho, firstname, surname, username, gender, jmbg, occupation, password, phone) values (278, '83096 Golf Course Way', 'Borova', 'Ukraine', 'rhaddick7p@example.com', 'Demivee', 'Robbi', 'Haddick', 'rhaddick7p', 'F', '598257471101', 'Database Administrator II', '$2a$10$Jy8l3NpmvQR7T41xqqb6W.iodZWXl1IWyou3KItLpvyECWiUrpU8O', '527-148-3334');
insert into users (id, address, city, state, email, empscho, firstname, surname, username, gender, jmbg, occupation, password, phone) values (279, '70 Talisman Avenue', 'San Narciso', 'Philippines', 'mbourgour7q@infoseek.co.jp', 'Eamia', 'Mattias', 'Bourgour', 'mbourgour7q', 'M', '76127828324', 'Accounting Assistant IV', '$2a$10$Jy8l3NpmvQR7T41xqqb6W.iodZWXl1IWyou3KItLpvyECWiUrpU8O', '651-780-3652');
insert into users (id, address, city, state, email, empscho, firstname, surname, username, gender, jmbg, occupation, password, phone) values (280, '984 Buell Lane', 'Bugembe', 'Uganda', 'jerangey7r@mayoclinic.com', 'Blogpad', 'Jaymie', 'Erangey', 'jerangey7r', 'M', '548296257180', 'Engineer IV', '$2a$10$Jy8l3NpmvQR7T41xqqb6W.iodZWXl1IWyou3KItLpvyECWiUrpU8O', '559-420-2473');
insert into users (id, address, city, state, email, empscho, firstname, surname, username, gender, jmbg, occupation, password, phone) values (281, '39681 Bartelt Hill', 'Petro-Slavyanka', 'Russia', 'tlorentzen7s@google.com.au', 'Ntag', 'Tudor', 'Lorentzen', 'tlorentzen7s', 'M', '253310195551', 'Information Systems Manager', '$2a$10$Jy8l3NpmvQR7T41xqqb6W.iodZWXl1IWyou3KItLpvyECWiUrpU8O', '173-819-8526');
insert into users (id, address, city, state, email, empscho, firstname, surname, username, gender, jmbg, occupation, password, phone) values (282, '6689 Sullivan Place', 'Gaoliang', 'China', 'bthyer7t@bluehost.com', 'Blognation', 'Barton', 'Thyer', 'bthyer7t', 'M', '266835857341', 'VP Accounting', '$2a$10$Jy8l3NpmvQR7T41xqqb6W.iodZWXl1IWyou3KItLpvyECWiUrpU8O', '579-106-0596');
insert into users (id, address, city, state, email, empscho, firstname, surname, username, gender, jmbg, occupation, password, phone) values (283, '2785 Spohn Court', 'Tobatí', 'Paraguay', 'mclunan7u@dailymail.co.uk', 'Photojam', 'Martita', 'Clunan', 'mclunan7u', 'F', '439834586068', 'Software Consultant', '$2a$10$Jy8l3NpmvQR7T41xqqb6W.iodZWXl1IWyou3KItLpvyECWiUrpU8O', '924-621-9052');
insert into users (id, address, city, state, email, empscho, firstname, surname, username, gender, jmbg, occupation, password, phone) values (284, '176 Alpine Plaza', 'Brejos', 'Portugal', 'dessame7v@unicef.org', 'Rhyzio', 'Denys', 'Essame', 'dessame7v', 'F', '385214576205', 'Desktop Support Technician', '$2a$10$Jy8l3NpmvQR7T41xqqb6W.iodZWXl1IWyou3KItLpvyECWiUrpU8O', '994-934-0900');
insert into users (id, address, city, state, email, empscho, firstname, surname, username, gender, jmbg, occupation, password, phone) values (285, '59942 Havey Drive', 'Pervoavgustovskiy', 'Russia', 'bmacfaell7w@ted.com', 'Voonder', 'Bruno', 'MacFaell', 'bmacfaell7w', 'M', '749145845497', 'Budget/Accounting Analyst IV', '$2a$10$Jy8l3NpmvQR7T41xqqb6W.iodZWXl1IWyou3KItLpvyECWiUrpU8O', '495-527-4367');
insert into users (id, address, city, state, email, empscho, firstname, surname, username, gender, jmbg, occupation, password, phone) values (286, '2684 Green Ridge Way', 'Al Manşūrah', 'Egypt', 'cstokey7x@networkadvertising.org', 'Demizz', 'Carmelia', 'Stokey', 'cstokey7x', 'F', '144414808332', 'Structural Analysis Engineer', '$2a$10$Jy8l3NpmvQR7T41xqqb6W.iodZWXl1IWyou3KItLpvyECWiUrpU8O', '819-958-3738');
insert into users (id, address, city, state, email, empscho, firstname, surname, username, gender, jmbg, occupation, password, phone) values (287, '70342 Dexter Alley', 'Marina', 'Croatia', 'owedmore7y@fc2.com', 'Edgepulse', 'Orton', 'Wedmore.', 'owedmore7y', 'M', '492673228199', 'Nuclear Power Engineer', '$2a$10$Jy8l3NpmvQR7T41xqqb6W.iodZWXl1IWyou3KItLpvyECWiUrpU8O', '952-577-4020');
insert into users (id, address, city, state, email, empscho, firstname, surname, username, gender, jmbg, occupation, password, phone) values (288, '3533 Granby Street', 'Ribeira', 'Portugal', 'gglenwright7z@mapquest.com', 'Eimbee', 'Gwenni', 'Glenwright', 'gglenwright7z', 'F', '145445964636', 'Safety Technician II', '$2a$10$Jy8l3NpmvQR7T41xqqb6W.iodZWXl1IWyou3KItLpvyECWiUrpU8O', '863-130-8742');
insert into users (id, address, city, state, email, empscho, firstname, surname, username, gender, jmbg, occupation, password, phone) values (289, '05 Kropf Place', 'Tangcun', 'China', 'lhofton80@sogou.com', 'Livetube', 'Lara', 'Hofton', 'lhofton80', 'F', '426374473647', 'Account Coordinator', '$2a$10$Jy8l3NpmvQR7T41xqqb6W.iodZWXl1IWyou3KItLpvyECWiUrpU8O', '623-908-5164');
insert into users (id, address, city, state, email, empscho, firstname, surname, username, gender, jmbg, occupation, password, phone) values (290, '9383 Portage Court', 'Yanmen', 'China', 'asplevin81@i2i.jp', 'Devpulse', 'Anallise', 'Splevin', 'asplevin81', 'F', '253482070618', 'Developer IV', '$2a$10$Jy8l3NpmvQR7T41xqqb6W.iodZWXl1IWyou3KItLpvyECWiUrpU8O', '945-551-0659');
insert into users (id, address, city, state, email, empscho, firstname, surname, username, gender, jmbg, occupation, password, phone) values (291, '120 Mendota Lane', 'Lushnjë', 'Albania', 'fgilphillan82@pbs.org', 'Youfeed', 'Ferdinande', 'Gilphillan', 'fgilphillan82', 'F', '645029756209', 'Automation Specialist IV', '$2a$10$Jy8l3NpmvQR7T41xqqb6W.iodZWXl1IWyou3KItLpvyECWiUrpU8O', '503-960-8912');
insert into users (id, address, city, state, email, empscho, firstname, surname, username, gender, jmbg, occupation, password, phone) values (292, '9164 Coleman Lane', 'Saint-Tite', 'Canada', 'kmcguinness83@live.com', 'Bubbletube', 'Kerstin', 'McGuinness', 'kmcguinness83', 'F', '354543827371', 'Product Engineer', '$2a$10$Jy8l3NpmvQR7T41xqqb6W.iodZWXl1IWyou3KItLpvyECWiUrpU8O', '298-628-5556');
insert into users (id, address, city, state, email, empscho, firstname, surname, username, gender, jmbg, occupation, password, phone) values (293, '89 Delaware Junction', 'Novki', 'Russia', 'bwitul84@nationalgeographic.com', 'Flashset', 'Bogart', 'Witul', 'bwitul84', 'M', '447259796909', 'Programmer Analyst I', '$2a$10$Jy8l3NpmvQR7T41xqqb6W.iodZWXl1IWyou3KItLpvyECWiUrpU8O', '721-640-8664');
insert into users (id, address, city, state, email, empscho, firstname, surname, username, gender, jmbg, occupation, password, phone) values (294, '88769 Packers Plaza', 'Itapuranga', 'Brazil', 'orodinger85@printfriendly.com', 'Jatri', 'Octavius', 'Rodinger', 'orodinger85', 'M', '809978678146', 'Internal Auditor', '$2a$10$Jy8l3NpmvQR7T41xqqb6W.iodZWXl1IWyou3KItLpvyECWiUrpU8O', '732-279-8990');
insert into users (id, address, city, state, email, empscho, firstname, surname, username, gender, jmbg, occupation, password, phone) values (295, '6221 Spohn Pass', 'Atlanta', 'United States', 'shinemoor86@homestead.com', 'Quire', 'Suzie', 'Hinemoor', 'shinemoor86', 'F', '79250287839', 'Help Desk Operator', '$2a$10$Jy8l3NpmvQR7T41xqqb6W.iodZWXl1IWyou3KItLpvyECWiUrpU8O', '404-398-6740');
insert into users (id, address, city, state, email, empscho, firstname, surname, username, gender, jmbg, occupation, password, phone) values (296, '624 Hintze Drive', 'Allen', 'Philippines', 'sgwioneth87@github.io', 'Topdrive', 'Sterling', 'Gwioneth', 'sgwioneth87', 'M', '100266899916', 'Senior Financial Analyst', '$2a$10$Jy8l3NpmvQR7T41xqqb6W.iodZWXl1IWyou3KItLpvyECWiUrpU8O', '302-277-8535');
insert into users (id, address, city, state, email, empscho, firstname, surname, username, gender, jmbg, occupation, password, phone) values (297, '9 Mayfield Court', 'Hekou', 'China', 'rlawie88@qq.com', 'Yodoo', 'Roberta', 'Lawie', 'rlawie88', 'F', '866281089129', 'Community Outreach Specialist', '$2a$10$Jy8l3NpmvQR7T41xqqb6W.iodZWXl1IWyou3KItLpvyECWiUrpU8O', '906-618-2926');
insert into users (id, address, city, state, email, empscho, firstname, surname, username, gender, jmbg, occupation, password, phone) values (298, '66719 Calypso Street', 'Putrajaya', 'Malaysia', 'apetrovsky89@newsvine.com', 'Shuffletag', 'Andres', 'Petrovsky', 'apetrovsky89', 'M', '529615071085', 'Technical Writer', '$2a$10$Jy8l3NpmvQR7T41xqqb6W.iodZWXl1IWyou3KItLpvyECWiUrpU8O', '651-508-5070');
insert into users (id, address, city, state, email, empscho, firstname, surname, username, gender, jmbg, occupation, password, phone) values (299, '0100 Ryan Center', 'Awilega', 'Indonesia', 'wsmitton8a@yahoo.com', 'Fliptune', 'Winston', 'Smitton', 'wsmitton8a', 'M', '671471855666', 'Assistant Media Planner', '$2a$10$Jy8l3NpmvQR7T41xqqb6W.iodZWXl1IWyou3KItLpvyECWiUrpU8O', '458-207-1582');
insert into users (id, address, city, state, email, empscho, firstname, surname, username, gender, jmbg, occupation, password, phone) values (300, '930 Anthes Crossing', 'Sarykemer', 'Kazakhstan', 'escotcher8b@ucla.edu', 'Photojam', 'Essa', 'Scotcher', 'escotcher8b', 'F', '761891604372', 'VP Quality Control', '$2a$10$Jy8l3NpmvQR7T41xqqb6W.iodZWXl1IWyou3KItLpvyECWiUrpU8O', '736-228-4337');

insert into user_roles (user_id, role_id) values (101, 1);
insert into user_roles (user_id, role_id) values (102, 2);
insert into user_roles (user_id, role_id) values (103, 3);
insert into user_roles (user_id, role_id) values (104, 2);
insert into user_roles (user_id, role_id) values (105, 2);
insert into user_roles (user_id, role_id) values (106, 2);
insert into user_roles (user_id, role_id) values (107, 3);
insert into user_roles (user_id, role_id) values (108, 2);
insert into user_roles (user_id, role_id) values (109, 3);
insert into user_roles (user_id, role_id) values (110, 3);
insert into user_roles (user_id, role_id) values (111, 3);
insert into user_roles (user_id, role_id) values (112, 3);
insert into user_roles (user_id, role_id) values (113, 2);
insert into user_roles (user_id, role_id) values (114, 2);
insert into user_roles (user_id, role_id) values (115, 3);
insert into user_roles (user_id, role_id) values (116, 3);
insert into user_roles (user_id, role_id) values (117, 3);
insert into user_roles (user_id, role_id) values (118, 2);
insert into user_roles (user_id, role_id) values (119, 3);
insert into user_roles (user_id, role_id) values (120, 3);
insert into user_roles (user_id, role_id) values (121, 3);
insert into user_roles (user_id, role_id) values (122, 2);
insert into user_roles (user_id, role_id) values (123, 3);
insert into user_roles (user_id, role_id) values (124, 3);
insert into user_roles (user_id, role_id) values (125, 2);
insert into user_roles (user_id, role_id) values (126, 3);
insert into user_roles (user_id, role_id) values (127, 2);
insert into user_roles (user_id, role_id) values (128, 3);
insert into user_roles (user_id, role_id) values (129, 3);
insert into user_roles (user_id, role_id) values (130, 2);
insert into user_roles (user_id, role_id) values (131, 3);
insert into user_roles (user_id, role_id) values (132, 3);
insert into user_roles (user_id, role_id) values (133, 2);
insert into user_roles (user_id, role_id) values (134, 3);
insert into user_roles (user_id, role_id) values (135, 2);
insert into user_roles (user_id, role_id) values (136, 3);
insert into user_roles (user_id, role_id) values (137, 3);
insert into user_roles (user_id, role_id) values (138, 3);
insert into user_roles (user_id, role_id) values (139, 2);
insert into user_roles (user_id, role_id) values (140, 2);
insert into user_roles (user_id, role_id) values (141, 3);
insert into user_roles (user_id, role_id) values (142, 2);
insert into user_roles (user_id, role_id) values (143, 2);
insert into user_roles (user_id, role_id) values (144, 3);
insert into user_roles (user_id, role_id) values (145, 2);
insert into user_roles (user_id, role_id) values (146, 2);
insert into user_roles (user_id, role_id) values (147, 2);
insert into user_roles (user_id, role_id) values (148, 3);
insert into user_roles (user_id, role_id) values (149, 2);
insert into user_roles (user_id, role_id) values (150, 3);
insert into user_roles (user_id, role_id) values (151, 3);
insert into user_roles (user_id, role_id) values (152, 3);
insert into user_roles (user_id, role_id) values (153, 3);
insert into user_roles (user_id, role_id) values (154, 3);
insert into user_roles (user_id, role_id) values (155, 3);
insert into user_roles (user_id, role_id) values (156, 3);
insert into user_roles (user_id, role_id) values (157, 2);
insert into user_roles (user_id, role_id) values (158, 2);
insert into user_roles (user_id, role_id) values (159, 2);
insert into user_roles (user_id, role_id) values (160, 3);
insert into user_roles (user_id, role_id) values (161, 3);
insert into user_roles (user_id, role_id) values (162, 3);
insert into user_roles (user_id, role_id) values (163, 2);
insert into user_roles (user_id, role_id) values (164, 3);
insert into user_roles (user_id, role_id) values (165, 2);
insert into user_roles (user_id, role_id) values (166, 3);
insert into user_roles (user_id, role_id) values (167, 3);
insert into user_roles (user_id, role_id) values (168, 3);
insert into user_roles (user_id, role_id) values (169, 3);
insert into user_roles (user_id, role_id) values (170, 3);
insert into user_roles (user_id, role_id) values (171, 3);
insert into user_roles (user_id, role_id) values (172, 3);
insert into user_roles (user_id, role_id) values (173, 2);
insert into user_roles (user_id, role_id) values (174, 3);
insert into user_roles (user_id, role_id) values (175, 3);
insert into user_roles (user_id, role_id) values (176, 3);
insert into user_roles (user_id, role_id) values (177, 2);
insert into user_roles (user_id, role_id) values (178, 3);
insert into user_roles (user_id, role_id) values (179, 2);
insert into user_roles (user_id, role_id) values (180, 2);
insert into user_roles (user_id, role_id) values (181, 3);
insert into user_roles (user_id, role_id) values (182, 2);
insert into user_roles (user_id, role_id) values (183, 3);
insert into user_roles (user_id, role_id) values (184, 3);
insert into user_roles (user_id, role_id) values (185, 3);
insert into user_roles (user_id, role_id) values (186, 3);
insert into user_roles (user_id, role_id) values (187, 2);
insert into user_roles (user_id, role_id) values (188, 2);
insert into user_roles (user_id, role_id) values (189, 2);
insert into user_roles (user_id, role_id) values (190, 3);
insert into user_roles (user_id, role_id) values (191, 3);
insert into user_roles (user_id, role_id) values (192, 2);
insert into user_roles (user_id, role_id) values (193, 3);
insert into user_roles (user_id, role_id) values (194, 2);
insert into user_roles (user_id, role_id) values (195, 2);
insert into user_roles (user_id, role_id) values (196, 3);
insert into user_roles (user_id, role_id) values (197, 3);
insert into user_roles (user_id, role_id) values (198, 2);
insert into user_roles (user_id, role_id) values (199, 2);
insert into user_roles (user_id, role_id) values (200, 2);
insert into user_roles (user_id, role_id) values (201, 3);
insert into user_roles (user_id, role_id) values (202, 2);
insert into user_roles (user_id, role_id) values (203, 2);
insert into user_roles (user_id, role_id) values (204, 2);
insert into user_roles (user_id, role_id) values (205, 3);
insert into user_roles (user_id, role_id) values (206, 2);
insert into user_roles (user_id, role_id) values (207, 2);
insert into user_roles (user_id, role_id) values (208, 2);
insert into user_roles (user_id, role_id) values (209, 3);
insert into user_roles (user_id, role_id) values (210, 2);
insert into user_roles (user_id, role_id) values (211, 2);
insert into user_roles (user_id, role_id) values (212, 2);
insert into user_roles (user_id, role_id) values (213, 3);
insert into user_roles (user_id, role_id) values (214, 2);
insert into user_roles (user_id, role_id) values (215, 3);
insert into user_roles (user_id, role_id) values (216, 3);
insert into user_roles (user_id, role_id) values (217, 3);
insert into user_roles (user_id, role_id) values (218, 2);
insert into user_roles (user_id, role_id) values (219, 3);
insert into user_roles (user_id, role_id) values (220, 2);
insert into user_roles (user_id, role_id) values (221, 3);
insert into user_roles (user_id, role_id) values (222, 2);
insert into user_roles (user_id, role_id) values (223, 2);
insert into user_roles (user_id, role_id) values (224, 2);
insert into user_roles (user_id, role_id) values (225, 3);
insert into user_roles (user_id, role_id) values (226, 3);
insert into user_roles (user_id, role_id) values (227, 3);
insert into user_roles (user_id, role_id) values (228, 3);
insert into user_roles (user_id, role_id) values (229, 2);
insert into user_roles (user_id, role_id) values (230, 2);
insert into user_roles (user_id, role_id) values (231, 3);
insert into user_roles (user_id, role_id) values (232, 2);
insert into user_roles (user_id, role_id) values (233, 2);
insert into user_roles (user_id, role_id) values (234, 2);
insert into user_roles (user_id, role_id) values (235, 2);
insert into user_roles (user_id, role_id) values (236, 3);
insert into user_roles (user_id, role_id) values (237, 3);
insert into user_roles (user_id, role_id) values (238, 3);
insert into user_roles (user_id, role_id) values (239, 3);
insert into user_roles (user_id, role_id) values (240, 2);
insert into user_roles (user_id, role_id) values (241, 2);
insert into user_roles (user_id, role_id) values (242, 2);
insert into user_roles (user_id, role_id) values (243, 2);
insert into user_roles (user_id, role_id) values (244, 3);
insert into user_roles (user_id, role_id) values (245, 2);
insert into user_roles (user_id, role_id) values (246, 3);
insert into user_roles (user_id, role_id) values (247, 2);
insert into user_roles (user_id, role_id) values (248, 2);
insert into user_roles (user_id, role_id) values (249, 2);
insert into user_roles (user_id, role_id) values (250, 2);
insert into user_roles (user_id, role_id) values (251, 3);
insert into user_roles (user_id, role_id) values (252, 3);
insert into user_roles (user_id, role_id) values (253, 3);
insert into user_roles (user_id, role_id) values (254, 2);
insert into user_roles (user_id, role_id) values (255, 3);
insert into user_roles (user_id, role_id) values (256, 2);
insert into user_roles (user_id, role_id) values (257, 3);
insert into user_roles (user_id, role_id) values (258, 3);
insert into user_roles (user_id, role_id) values (259, 3);
insert into user_roles (user_id, role_id) values (260, 3);
insert into user_roles (user_id, role_id) values (261, 2);
insert into user_roles (user_id, role_id) values (262, 2);
insert into user_roles (user_id, role_id) values (263, 2);
insert into user_roles (user_id, role_id) values (264, 3);
insert into user_roles (user_id, role_id) values (265, 2);
insert into user_roles (user_id, role_id) values (266, 2);
insert into user_roles (user_id, role_id) values (267, 2);
insert into user_roles (user_id, role_id) values (268, 2);
insert into user_roles (user_id, role_id) values (269, 3);
insert into user_roles (user_id, role_id) values (270, 2);
insert into user_roles (user_id, role_id) values (271, 2);
insert into user_roles (user_id, role_id) values (272, 2);
insert into user_roles (user_id, role_id) values (273, 3);
insert into user_roles (user_id, role_id) values (274, 3);
insert into user_roles (user_id, role_id) values (275, 3);
insert into user_roles (user_id, role_id) values (276, 2);
insert into user_roles (user_id, role_id) values (277, 3);
insert into user_roles (user_id, role_id) values (278, 2);
insert into user_roles (user_id, role_id) values (279, 3);
insert into user_roles (user_id, role_id) values (280, 3);
insert into user_roles (user_id, role_id) values (281, 2);
insert into user_roles (user_id, role_id) values (282, 3);
insert into user_roles (user_id, role_id) values (283, 2);
insert into user_roles (user_id, role_id) values (284, 3);
insert into user_roles (user_id, role_id) values (285, 3);
insert into user_roles (user_id, role_id) values (286, 3);
insert into user_roles (user_id, role_id) values (287, 3);
insert into user_roles (user_id, role_id) values (288, 3);
insert into user_roles (user_id, role_id) values (289, 2);
insert into user_roles (user_id, role_id) values (290, 3);
insert into user_roles (user_id, role_id) values (291, 3);
insert into user_roles (user_id, role_id) values (292, 2);
insert into user_roles (user_id, role_id) values (293, 2);
insert into user_roles (user_id, role_id) values (294, 3);
insert into user_roles (user_id, role_id) values (295, 2);
insert into user_roles (user_id, role_id) values (296, 3);
insert into user_roles (user_id, role_id) values (297, 3);
insert into user_roles (user_id, role_id) values (298, 2);
insert into user_roles (user_id, role_id) values (299, 3);
insert into user_roles (user_id, role_id) values (300, 2);

insert into center_profile(id, name, address, description, average_rating, appointment_start, appointment_end)
values (1, 'jovana', 'Bulevar Cara Lazara 2, Novi Sad 21000', 'poliklinika', 5, '2020-01-01', '2020-01-01');
insert into center_profile(id, name, address, description, average_rating, appointment_start, appointment_end)
values (2, 'jjjjovana', 'bbBulevar Cara Lazara 2, nnnnNovi Sad 21000', 'nnnpoliklinika', 6, '2020-01-01', '2020-01-01');


insert into centre_profiles (user_id, centre_profile_id) values (102, 1);
insert into centre_profiles (user_id, centre_profile_id) values (102, 2);


